OrderID,MenuID
0,103
0,103
0,701
0,502
1,602
1,105
1,403
2,601
2,504
3,103
3,701
3,102
3,602
3,202
3,701
3,203
3,406
3,503
3,504
4,603
4,504
4,603
4,503
4,603
5,202
6,101
6,101
7,202
7,203
8,504
8,103
8,603
8,602
9,203
9,602
9,403
9,202
9,601
9,203
9,201
10,601
10,105
11,104
11,105
12,201
12,602
13,101
13,601
13,103
14,105
14,105
15,602
15,101
15,203
16,603
16,601
16,601
16,201
16,101
16,603
16,105
16,102
17,202
17,402
17,104
17,403
17,105
17,102
17,104
17,103
18,203
18,103
18,402
19,601
20,202
20,104
20,402
20,105
20,603
20,202
20,602
20,701
20,201
21,407
21,201
21,701
21,103
22,603
23,501
23,101
24,601
24,701
25,101
25,101
26,201
26,105
27,401
27,407
28,102
29,102
29,602
30,104
30,403
30,601
31,503
31,103
31,406
31,201
31,404
32,603
32,401
32,503
32,102
32,403
32,601
32,601
32,203
33,502
33,503
34,103
34,504
34,202
35,202
36,601
37,105
37,401
37,601
37,102
38,403
38,602
38,504
38,503
39,404
39,203
39,602
39,201
39,503
39,701
39,401
40,105
40,701
41,103
41,503
42,105
42,104
43,104
43,602
44,503
45,103
46,203
47,503
47,202
47,602
47,503
47,504
47,701
48,601
48,203
49,202
49,203
49,601
49,504
49,601
49,503
49,602
49,504
49,401
49,102
50,203
50,201
50,103
50,501
50,202
50,104
50,601
50,602
50,203
51,101
51,501
52,701
52,404
53,105
54,603
54,202
55,103
56,701
56,402
57,105
58,101
58,103
59,101
60,603
61,603
62,603
62,202
63,202
64,203
65,504
65,105
65,104
65,407
65,503
65,102
65,405
65,202
65,203
66,203
66,601
66,602
66,504
66,503
66,104
67,402
67,502
67,105
68,405
68,406
69,603
70,102
70,602
70,201
70,102
71,203
71,603
71,103
71,103
72,201
72,103
73,504
74,701
74,701
75,104
75,601
75,602
75,201
75,603
76,201
76,603
76,104
76,401
76,602
76,701
76,105
76,101
76,503
77,601
77,103
78,603
79,202
80,407
80,202
81,201
81,701
82,401
83,403
84,601
85,103
85,405
86,601
86,101
87,603
87,503
87,406
87,202
87,601
87,402
87,503
87,102
87,602
87,701
88,102
88,202
88,104
89,504
89,702
89,503
89,601
89,503
89,102
90,701
91,402
92,104
92,603
93,203
93,702
93,601
93,102
93,701
93,503
93,701
93,102
94,103
94,701
95,603
95,201
95,102
95,203
95,202
96,701
96,202
96,501
97,103
98,601
98,101
99,405
99,702
100,203
100,105
100,602
100,401
100,602
100,503
100,102
100,102
100,501
100,407
101,101
101,105
101,601
102,406
102,105
103,202
103,301
103,503
104,203
104,203
105,504
105,601
105,201
106,603
106,404
106,103
106,101
106,405
106,405
106,404
106,105
106,203
106,603
107,503
107,103
108,701
109,102
109,103
109,104
109,202
109,201
109,201
109,503
110,101
111,201
111,105
111,202
111,407
111,402
112,103
112,202
112,401
112,701
112,203
112,101
112,105
113,504
113,103
114,406
114,202
115,105
115,602
116,502
116,503
116,503
116,701
116,102
116,602
116,202
116,601
116,101
116,105
117,105
117,504
118,504
119,104
119,602
119,102
120,701
120,201
120,504
120,201
120,202
120,502
120,401
121,104
121,201
121,105
121,502
121,104
121,503
121,102
121,103
121,104
121,601
122,601
122,701
122,104
122,101
123,102
124,101
124,103
125,301
125,601
126,105
126,104
127,102
127,202
127,503
127,203
128,102
128,601
129,601
129,201
130,701
130,102
130,603
130,103
131,202
131,701
131,502
131,603
131,301
131,503
132,603
132,104
132,202
133,603
133,101
133,503
133,104
133,105
133,602
133,102
133,101
133,601
134,201
134,101
135,102
135,602
135,201
135,101
136,602
136,101
136,203
137,202
138,101
138,602
138,202
139,701
140,701
140,102
140,701
140,301
140,504
140,203
140,602
141,603
142,101
142,407
142,701
142,504
142,101
142,103
142,102
142,403
143,202
143,203
143,103
144,103
144,105
144,105
145,407
146,601
147,201
147,504
148,504
149,103
149,406
150,202
151,403
151,501
152,601
153,602
153,201
154,202
154,701
155,401
155,503
155,503
155,105
155,201
156,602
157,201
157,102
157,701
157,701
157,103
157,405
157,601
158,603
158,602
159,503
160,601
160,504
160,601
160,503
160,502
160,504
160,103
161,603
161,101
161,601
162,601
162,503
162,105
162,602
162,601
162,501
162,601
162,701
163,203
163,701
164,202
164,701
165,603
166,201
166,202
166,504
166,603
166,105
167,202
167,104
168,202
168,103
169,701
169,105
170,104
170,603
170,202
170,201
170,503
170,202
170,203
170,203
171,701
171,503
172,201
173,401
174,103
175,504
175,104
176,504
177,203
178,102
179,407
180,503
181,201
181,104
181,105
182,201
182,603
183,101
183,203
184,202
185,504
185,102
186,105
186,103
187,602
187,601
188,105
189,102
189,702
190,103
191,701
191,201
192,104
193,201
193,401
194,503
194,202
195,405
195,504
195,203
196,104
196,503
196,603
196,402
196,103
196,201
196,102
197,405
197,104
198,201
198,601
199,102
200,603
200,105
201,105
201,201
201,701
201,503
201,701
201,603
201,504
201,501
202,105
203,603
203,402
204,503
204,203
204,404
204,104
204,103
204,603
204,101
204,105
204,103
205,105
205,105
205,406
205,104
205,702
206,203
206,105
206,101
207,103
208,401
209,103
209,603
209,203
209,502
209,202
209,701
209,406
209,102
209,603
209,104
210,401
210,407
210,403
210,701
210,401
210,201
210,602
210,601
210,404
211,103
211,504
212,102
212,701
213,102
213,404
213,407
213,104
214,202
214,201
214,503
214,602
215,502
215,102
215,701
216,105
216,105
217,103
217,104
217,503
217,701
217,202
217,504
217,202
217,701
217,202
218,701
218,503
219,701
219,602
220,603
221,404
221,201
221,601
221,602
221,504
221,601
221,104
222,103
222,104
222,602
222,103
222,201
222,701
222,203
222,502
223,103
223,503
223,504
223,102
224,202
225,407
225,504
225,403
226,202
227,403
227,104
228,105
228,503
229,701
229,702
230,201
230,503
231,104
231,102
231,104
231,202
231,201
232,102
232,602
233,102
233,102
233,201
234,103
234,404
235,503
235,203
235,203
235,105
235,701
235,503
236,105
237,103
238,401
239,201
240,406
240,504
240,102
240,602
241,201
241,101
241,403
241,701
242,601
242,602
242,701
242,603
242,403
242,601
242,701
242,503
242,603
242,103
243,201
243,504
243,405
243,503
244,601
244,701
244,701
245,504
245,105
245,503
245,201
245,101
245,202
245,602
245,101
245,701
245,103
246,401
246,105
247,104
247,603
247,602
247,202
248,104
249,104
249,701
250,502
251,201
251,201
251,101
251,603
251,101
251,402
251,102
251,602
252,203
252,105
253,102
253,503
253,301
253,201
253,105
253,504
254,202
254,101
254,103
254,102
254,404
254,504
254,102
254,105
254,602
254,405
255,503
255,403
255,103
255,202
255,503
256,701
256,201
257,101
258,603
258,601
258,104
258,503
258,301
258,101
259,601
259,203
259,203
259,601
259,701
259,602
259,602
260,504
260,503
261,701
261,602
262,201
262,101
263,402
263,202
263,201
263,105
263,105
263,104
264,101
264,105
265,201
265,101
266,203
266,601
266,601
266,102
267,603
267,701
268,504
269,201
269,503
269,101
269,603
270,203
270,102
271,203
271,201
272,201
272,401
272,101
272,701
272,601
272,504
272,503
272,201
273,203
274,201
274,603
275,203
275,502
276,104
276,403
276,104
277,102
278,101
278,203
278,202
278,603
278,602
278,103
278,103
278,503
278,101
279,702
280,701
280,603
280,202
280,503
280,504
280,103
281,403
281,105
281,401
281,504
281,203
281,202
281,403
282,404
282,105
282,105
283,601
283,101
283,504
284,203
284,701
284,202
284,201
284,504
284,203
284,101
284,101
285,104
285,202
285,301
285,203
285,602
285,404
285,105
285,504
285,401
286,601
287,603
287,603
287,102
287,104
287,102
287,202
287,201
287,102
288,201
289,405
289,602
289,203
290,201
290,405
290,201
290,701
290,301
290,105
290,203
290,503
290,602
290,603
291,503
291,102
292,701
292,103
292,104
293,203
293,402
294,504
294,102
295,406
296,102
297,405
297,503
298,203
298,101
298,406
299,103
299,602
299,602
299,504
299,603
299,504
299,603
299,201
299,203
299,203
300,202
300,407
301,603
301,103
301,502
301,603
301,701
301,603
301,105
301,301
301,101
302,602
302,601
303,101
303,404
304,202
304,105
305,201
305,601
306,404
307,202
307,701
307,601
307,103
307,601
307,101
308,503
309,503
310,701
310,603
311,503
311,406
312,603
312,603
313,404
314,104
314,201
314,504
314,102
314,202
314,603
314,105
314,502
314,105
315,203
315,105
315,101
315,103
315,101
315,104
315,603
315,603
315,105
316,102
316,405
316,203
317,202
317,203
318,101
318,407
318,203
318,504
318,104
319,201
319,202
319,203
320,102
320,602
321,701
321,504
321,105
321,203
321,504
321,504
321,602
322,701
323,503
323,103
323,403
323,301
324,502
325,203
325,105
326,101
326,104
326,504
327,601
328,104
328,403
328,701
328,602
328,203
328,401
328,702
328,104
329,603
329,603
330,202
331,504
331,404
332,504
332,603
332,603
332,602
332,202
332,105
332,603
333,202
333,602
334,104
334,201
334,103
334,102
334,404
335,603
335,603
336,202
336,406
336,104
336,602
337,202
338,103
338,104
339,601
339,601
339,402
339,104
339,504
339,503
339,101
339,403
340,103
340,504
341,701
341,602
342,701
343,407
344,105
344,404
345,603
345,104
345,301
346,402
346,105
346,701
347,103
347,101
347,101
347,202
347,403
347,203
347,201
347,104
347,103
348,602
348,602
349,104
349,502
349,601
349,603
350,102
351,402
351,105
352,101
352,701
352,104
353,406
354,103
354,102
355,702
355,501
355,603
355,504
355,203
355,202
355,203
356,101
356,405
357,603
358,301
358,504
358,102
359,503
360,202
360,702
361,701
361,503
362,201
362,603
362,101
362,502
363,603
363,103
364,702
365,101
366,701
366,102
366,602
366,102
366,101
367,403
367,701
368,105
368,403
368,105
368,602
368,601
368,601
369,104
369,202
369,701
369,103
369,503
370,603
370,603
371,101
371,102
372,101
372,105
372,503
372,402
372,202
372,201
372,203
372,103
373,203
373,102
374,104
374,104
375,602
376,103
376,201
376,101
377,203
377,105
377,203
377,202
377,103
377,503
377,202
377,105
377,702
377,105
378,103
378,201
378,504
378,504
378,403
378,301
378,603
378,601
378,402
379,603
379,201
380,601
380,405
380,504
380,701
381,105
381,601
382,201
382,406
382,201
382,201
382,103
382,102
382,701
383,603
383,201
383,401
383,601
383,105
383,203
384,203
384,203
385,701
386,103
387,301
388,701
388,407
389,101
389,105
390,504
390,601
391,201
391,602
392,603
392,603
393,602
393,503
393,104
393,401
393,202
393,202
393,101
393,503
393,104
393,203
394,103
394,203
395,201
395,402
396,101
396,202
396,102
396,101
396,202
396,104
397,603
398,203
398,504
399,504
399,602
399,503
400,104
400,104
401,504
401,601
402,406
402,203
402,501
402,403
402,202
402,202
402,105
402,104
402,504
402,503
403,603
403,407
404,603
404,504
405,101
405,104
405,101
405,103
405,603
405,203
405,201
405,102
405,104
406,301
406,603
407,105
407,101
408,602
408,501
409,105
410,602
411,504
411,105
412,503
413,101
413,404
413,402
413,103
414,503
414,402
415,601
416,504
416,102
416,404
416,603
416,202
416,602
416,102
416,202
416,103
417,601
417,602
418,101
418,504
419,104
419,201
420,105
421,601
422,406
422,101
422,103
422,101
423,102
423,104
423,601
423,503
423,504
423,103
423,103
423,504
424,504
424,406
424,601
424,203
425,101
425,601
426,601
426,203
427,103
427,503
427,101
427,203
427,105
427,406
428,504
428,202
428,503
428,102
429,602
429,203
430,101
430,104
431,203
431,201
432,502
432,101
433,201
433,401
433,404
433,203
434,603
434,202
434,601
434,203
434,301
434,102
435,101
435,504
435,301
436,105
436,103
436,102
437,104
438,104
438,101
438,504
438,404
439,702
440,701
441,301
441,102
441,602
441,701
441,102
441,501
441,406
441,601
441,407
442,102
442,203
443,101
443,602
443,601
444,601
444,202
445,701
446,603
447,602
448,702
449,602
449,503
450,201
450,701
450,504
451,406
451,105
451,105
451,101
451,202
452,105
453,402
453,201
454,103
455,504
455,602
455,404
455,502
455,104
455,503
456,602
457,203
457,103
457,104
457,105
457,104
457,601
457,104
457,504
457,502
458,407
458,504
459,603
459,504
460,702
460,104
460,601
460,503
460,105
460,503
461,404
461,601
462,504
462,203
463,401
463,201
464,101
465,202
465,602
466,102
466,105
466,503
466,104
466,202
466,603
466,201
467,105
467,103
468,701
468,203
468,402
468,203
468,603
468,102
468,102
468,105
468,101
469,403
469,702
470,301
470,203
470,406
470,601
470,504
470,402
471,504
471,103
471,503
471,101
472,102
472,603
473,105
474,403
474,104
474,105
475,101
476,202
476,603
477,104
477,407
478,502
479,202
479,201
479,601
479,701
480,202
480,503
481,104
482,501
482,503
483,201
484,101
484,407
484,301
485,504
485,601
485,601
485,402
485,103
485,602
485,603
485,504
486,701
486,105
487,201
487,203
488,401
488,102
488,201
489,603
490,203
491,202
491,701
492,105
492,502
492,404
492,202
492,701
492,101
493,203
493,103
493,406
493,103
493,603
493,101
493,601
493,504
494,103
495,503
496,702
496,602
496,601
496,103
496,406
497,504
497,103
498,104
498,201
499,407
499,701
500,203
500,202
500,105
501,104
501,202
501,603
502,203
502,405
503,602
504,701
504,503
505,603
505,105
505,104
505,102
505,701
505,105
505,601
505,202
505,404
506,504
506,502
506,407
506,603
506,101
506,201
506,503
506,401
506,602
507,202
507,405
507,503
508,504
508,603
508,201
508,702
508,202
508,603
508,602
508,104
508,602
509,602
509,105
509,401
510,104
510,603
510,602
511,203
511,101
512,601
512,407
513,503
513,603
513,602
513,103
513,102
513,104
513,601
513,202
513,102
514,202
514,104
514,104
514,101
514,402
514,104
514,403
514,603
515,203
515,103
516,103
516,701
516,404
516,301
517,201
518,701
519,201
520,503
520,103
520,102
520,202
520,602
520,502
520,203
520,201
520,101
520,102
521,202
521,603
522,603
522,402
523,602
523,601
523,103
523,202
523,202
524,701
524,504
524,402
525,203
526,504
526,603
527,602
527,202
528,504
528,105
529,601
529,603
529,101
529,202
530,405
530,601
530,602
530,405
530,602
530,202
530,504
530,102
530,701
531,103
532,602
533,104
533,202
533,103
533,201
533,101
534,603
534,701
535,405
535,103
536,601
537,603
537,101
537,201
537,503
538,601
538,203
538,602
538,504
539,701
540,103
540,201
541,201
541,603
542,202
542,202
542,601
543,403
543,103
543,105
543,105
543,104
543,201
543,404
544,202
545,603
545,602
546,401
546,201
547,504
547,504
548,201
548,101
548,701
549,602
549,401
549,602
549,103
550,202
550,504
550,603
550,202
550,101
550,101
550,203
550,503
550,102
551,101
552,503
552,203
552,603
553,202
553,101
553,101
553,402
553,602
553,504
553,602
553,201
553,203
553,201
554,601
555,201
556,105
557,201
557,105
558,202
558,103
558,603
558,603
558,202
558,102
558,402
558,102
558,401
558,103
559,701
560,603
561,602
561,105
561,202
561,101
562,102
562,504
562,104
562,102
562,203
563,702
563,102
564,403
564,103
565,701
565,201
565,102
565,503
565,405
565,406
565,101
565,103
565,203
565,103
566,601
566,103
566,201
566,503
566,504
566,102
566,103
566,701
566,103
567,105
567,104
568,203
568,101
569,202
569,301
569,502
569,603
570,105
570,104
571,105
572,401
572,503
573,101
573,102
574,603
575,701
575,203
576,105
576,203
576,406
576,103
576,102
577,407
577,105
578,603
578,202
578,701
579,105
580,504
580,104
581,201
581,101
581,601
581,701
581,103
581,203
581,101
581,102
582,601
582,701
583,403
583,104
584,203
584,503
584,503
585,502
585,101
586,104
587,102
587,201
588,301
589,101
589,504
589,603
590,203
590,202
590,503
590,501
591,101
592,104
592,102
592,701
592,501
593,501
593,101
593,501
593,202
593,203
593,202
593,403
594,104
594,601
595,701
595,404
596,101
597,403
597,103
597,105
597,603
597,701
598,404
598,401
598,201
598,301
598,103
598,603
599,402
599,603
600,601
600,701
601,401
602,102
602,701
603,603
604,203
605,503
605,405
606,301
607,103
607,407
608,504
608,405
609,301
610,103
610,603
611,101
612,601
612,203
613,201
614,203
614,504
614,503
614,104
614,601
614,501
614,102
615,601
615,504
616,405
616,105
616,701
616,103
616,101
616,102
616,603
617,602
618,701
618,102
619,201
619,203
620,501
621,501
621,102
622,104
623,202
623,501
623,105
623,102
623,103
623,202
623,102
623,602
623,503
624,104
625,101
625,502
626,202
626,603
626,104
626,102
626,601
626,603
626,201
626,602
627,104
627,602
628,602
628,603
629,203
629,702
629,104
630,104
631,102
631,502
632,701
633,104
633,401
633,101
634,503
634,603
635,105
636,602
636,702
636,503
637,202
637,202
638,201
638,602
638,504
638,701
638,202
638,102
638,201
638,502
638,504
638,601
639,101
639,202
640,203
640,503
640,504
641,601
641,103
642,406
642,202
643,102
644,301
644,504
644,701
644,602
644,503
645,503
646,503
646,203
647,203
648,403
648,101
648,701
648,202
649,104
649,102
650,101
650,502
650,103
650,102
650,601
650,701
650,702
650,203
650,104
650,403
651,701
651,201
652,503
653,603
653,102
654,603
655,202
656,504
656,406
657,406
657,503
658,701
659,202
660,203
660,403
661,504
661,406
662,503
663,102
663,203
664,602
664,503
664,602
664,201
665,103
665,203
666,105
666,201
666,101
666,102
666,101
666,202
666,603
666,504
667,402
667,201
668,701
669,502
670,504
671,202
671,104
671,503
671,504
672,102
673,603
673,101
673,603
673,105
673,701
673,601
673,601
673,603
673,601
673,203
674,405
674,701
675,203
675,504
676,202
676,504
677,105
677,203
678,203
678,602
678,603
678,601
678,407
678,201
679,101
679,603
680,101
680,201
680,201
681,104
681,103
682,404
683,103
684,601
684,103
685,402
686,406
686,201
686,103
687,103
688,407
688,504
688,104
688,104
688,201
688,404
688,105
689,104
689,701
689,105
689,202
689,402
689,102
689,102
689,501
689,203
689,601
690,602
690,102
691,104
692,101
692,601
692,701
692,203
692,201
693,104
693,601
694,601
694,202
694,102
694,202
694,102
695,102
695,602
695,701
695,503
695,203
695,402
695,201
696,701
696,502
696,102
696,101
696,101
696,201
696,102
696,104
696,105
696,104
697,502
697,105
698,601
699,101
700,503
700,504
701,203
702,701
703,202
704,103
704,105
704,201
704,104
705,105
706,503
707,104
708,405
709,203
709,502
710,201
711,501
711,405
711,104
711,406
711,203
711,402
711,504
711,301
711,102
712,502
712,601
713,101
713,103
714,103
715,104
715,503
716,503
717,701
717,103
718,101
718,404
718,104
718,202
719,504
719,203
719,105
719,504
719,504
719,503
719,104
719,603
719,701
720,203
721,203
721,202
721,102
721,105
722,701
722,105
723,503
724,203
725,702
725,202
725,602
725,601
726,103
726,103
726,105
726,601
727,603
728,104
729,602
729,603
729,702
729,202
730,103
731,104
731,105
732,202
732,504
733,603
733,701
734,101
735,503
735,201
735,603
735,103
735,404
735,103
735,201
735,602
736,504
737,201
738,405
738,603
738,102
739,203
739,101
740,504
741,104
741,503
742,105
742,503
743,601
743,401
744,105
745,407
746,104
746,203
747,101
747,102
748,102
748,504
748,503
748,603
749,503
749,602
749,701
750,701
750,406
751,504
752,602
752,203
753,601
753,503
753,701
754,603
754,101
754,203
754,503
754,504
754,407
755,404
755,701
756,101
756,103
756,104
756,504
756,503
757,202
757,503
757,502
757,504
757,101
757,104
757,601
757,503
757,202
757,701
758,504
758,203
758,203
758,104
758,201
758,407
759,103
760,504
761,404
761,101
762,405
763,103
763,201
764,105
764,502
764,402
764,104
764,504
764,603
764,101
764,602
765,101
765,701
766,402
766,701
766,601
767,504
768,105
769,501
769,103
770,503
770,702
770,701
770,602
770,103
771,602
771,202
772,503
772,503
773,201
773,601
774,202
774,601
775,601
775,503
775,401
775,104
775,101
776,503
776,101
776,602
776,203
777,101
777,102
778,406
779,602
779,603
779,601
779,601
779,603
779,701
780,104
781,203
782,407
782,203
782,201
782,701
782,101
782,103
782,201
782,401
783,503
783,603
784,502
784,405
784,503
784,503
784,601
784,203
784,103
784,102
785,701
785,103
786,504
787,203
787,601
787,202
787,201
787,404
787,602
787,504
787,102
788,401
788,601
789,405
790,601
790,105
791,103
791,203
791,504
791,602
792,105
792,601
793,701
793,201
793,101
793,101
793,503
794,203
794,203
794,105
794,104
795,102
795,602
796,202
796,503
796,104
796,103
797,401
797,701
797,401
797,103
797,104
797,503
797,403
797,601
797,201
798,503
798,104
799,503
799,105
800,602
800,101
800,405
800,202
800,601
800,102
800,104
800,601
801,601
801,201
801,702
801,601
801,501
801,201
801,202
801,503
802,102
802,601
802,101
802,603
802,405
803,603
803,101
803,504
803,601
803,103
803,101
804,203
804,102
804,701
804,502
804,202
804,602
804,701
804,101
804,101
805,701
805,102
805,504
805,601
805,101
805,405
805,404
805,603
805,105
806,202
806,603
807,105
807,602
808,103
809,104
809,201
809,101
809,502
809,201
809,203
810,503
810,202
811,301
812,602
812,301
812,404
812,601
813,601
813,201
813,503
813,104
814,602
815,105
815,405
815,101
815,601
815,503
815,105
815,105
815,502
816,603
816,104
816,203
816,105
817,102
817,105
817,403
817,104
817,603
817,602
817,404
817,201
818,202
818,103
818,601
818,103
819,602
820,201
820,103
821,104
821,201
822,501
822,104
822,105
822,504
822,201
822,603
822,201
822,601
822,601
823,602
823,603
824,404
824,101
824,601
824,102
824,603
825,504
826,601
826,104
827,202
827,504
827,502
827,603
827,504
827,203
827,601
828,503
828,101
828,701
828,201
828,504
828,603
828,101
828,102
829,103
829,601
830,202
830,602
831,602
832,403
832,103
833,503
833,603
834,602
834,601
834,603
835,602
835,102
835,103
836,105
837,504
838,603
839,701
839,201
839,202
840,104
841,103
841,101
842,503
842,104
843,201
843,201
844,504
844,203
844,202
844,601
844,102
844,101
844,202
844,202
844,103
845,601
846,503
847,202
848,404
848,504
849,101
849,504
849,201
850,103
851,407
852,401
852,502
852,202
852,601
852,102
852,503
852,503
853,503
853,101
853,201
853,504
853,402
853,101
853,102
853,701
854,102
854,105
854,101
854,103
854,104
854,601
854,504
854,403
855,603
855,601
856,403
856,602
857,503
857,504
858,504
858,404
858,103
858,203
859,503
859,701
859,102
859,601
859,503
859,602
859,201
859,602
860,105
861,101
861,203
862,701
862,407
862,503
862,503
862,104
862,104
862,602
862,602
862,102
862,202
863,203
863,701
864,104
864,406
864,103
865,103
865,401
865,201
865,102
865,104
865,102
865,202
865,103
865,105
866,407
866,201
866,701
867,503
867,101
867,103
867,301
867,602
867,603
867,203
867,602
868,602
869,103
869,501
869,103
869,503
869,202
869,701
869,203
870,503
870,101
871,603
872,201
873,701
873,504
874,104
874,105
874,504
874,105
875,101
875,101
876,102
877,103
877,701
877,602
878,701
879,503
879,603
880,203
880,504
880,404
880,602
880,101
880,402
880,502
881,101
881,105
881,406
882,602
883,203
884,101
885,603
886,601
886,201
887,603
887,201
887,104
887,601
887,701
887,101
887,102
887,503
887,603
888,202
888,702
889,701
890,201
890,201
891,602
891,702
892,203
892,504
893,102
893,101
893,101
894,602
895,105
895,202
896,202
896,701
896,504
896,202
896,101
896,104
896,202
896,602
897,202
897,201
897,203
897,202
897,601
897,105
898,602
898,603
899,104
899,603
899,104
899,101
899,104
899,602
900,602
900,504
900,103
900,203
900,301
900,201
900,702
901,603
901,503
902,601
902,502
902,601
902,403
902,202
902,603
902,105
902,102
902,202
902,701
903,202
903,203
903,701
903,502
903,102
903,504
903,101
903,603
903,503
904,404
905,602
906,102
906,101
906,603
906,202
906,401
907,504
908,602
908,103
908,201
908,603
908,403
909,201
910,102
911,201
911,101
911,102
911,202
912,101
912,203
912,602
912,105
912,504
912,601
912,601
912,301
912,103
912,103
913,103
914,602
914,701
914,603
914,103
914,407
914,501
915,103
916,203
916,701
917,504
917,203
918,602
919,201
920,105
920,701
920,201
921,202
921,203
921,301
921,101
921,104
921,201
921,301
921,504
921,601
922,201
922,407
922,103
922,601
922,101
922,103
922,103
923,102
923,103
924,103
924,201
925,504
925,601
926,603
927,201
927,101
927,402
927,101
927,105
927,105
928,503
928,201
929,203
929,101
930,504
930,603
930,102
930,504
930,601
930,202
931,403
931,202
932,405
933,504
933,603
934,504
934,601
935,301
935,102
935,504
936,105
937,601
938,503
938,701
939,603
939,202
939,104
939,203
940,407
940,405
940,601
940,103
940,102
941,603
941,103
941,701
941,701
941,601
941,601
941,504
941,203
941,701
942,202
942,407
942,407
942,504
942,603
942,101
942,202
942,501
942,201
943,601
943,603
943,602
943,203
943,103
943,406
943,102
944,102
944,603
944,602
944,702
944,105
944,202
944,601
944,101
944,201
944,201
945,603
945,104
946,203
946,103
947,102
947,104
947,602
947,202
948,702
948,102
948,104
948,602
948,602
949,301
949,202
950,102
951,104
951,603
952,403
952,103
953,103
953,201
953,601
954,603
954,701
955,701
956,601
957,103
957,105
957,601
958,402
958,103
958,603
959,201
959,501
959,504
959,105
959,202
959,504
959,105
960,503
961,104
962,202
963,401
963,702
963,406
963,101
963,104
963,504
963,503
963,105
964,201
964,503
964,202
964,701
965,103
965,203
966,504
966,402
966,103
967,103
968,202
968,601
969,105
969,503
969,602
970,203
970,701
970,504
970,503
970,603
970,104
970,201
970,101
970,603
971,503
971,701
972,601
972,401
973,602
973,404
974,504
974,104
975,601
976,603
976,601
976,701
976,105
976,503
976,603
977,602
977,104
977,203
978,702
979,402
979,203
980,503
980,602
981,403
982,103
982,202
982,105
983,202
983,504
984,602
985,502
985,602
986,402
986,701
986,103
986,405
986,202
986,403
986,101
986,403
986,403
986,504
987,102
987,504
987,102
988,201
988,503
989,504
989,405
990,201
990,504
991,102
991,601
991,502
991,407
991,602
991,603
991,407
992,504
992,103
993,402
993,501
994,603
994,104
995,103
996,101
996,601
997,102
997,201
998,101
999,702
999,403
1000,201
1000,603
1000,203
1001,103
1001,701
1002,504
1003,103
1003,102
1004,601
1004,203
1005,503
1005,701
1006,407
1007,503
1008,103
1008,102
1008,503
1009,202
1010,202
1011,601
1012,102
1012,603
1012,202
1012,701
1012,701
1012,603
1012,201
1012,503
1012,504
1012,102
1013,202
1013,202
1013,101
1013,105
1014,104
1014,203
1015,602
1016,201
1016,502
1016,701
1017,104
1018,402
1018,603
1019,602
1019,504
1019,502
1019,201
1019,601
1019,102
1019,102
1019,203
1019,103
1019,105
1020,201
1020,103
1021,601
1022,405
1022,102
1023,201
1023,701
1024,601
1025,102
1025,406
1026,105
1027,405
1027,102
1027,105
1027,203
1028,603
1028,105
1029,104
1029,202
1029,405
1030,101
1030,201
1030,203
1030,504
1031,105
1031,104
1031,202
1031,105
1031,102
1031,601
1031,103
1031,104
1032,101
1032,105
1032,102
1033,401
1033,702
1033,102
1033,102
1033,504
1034,201
1034,701
1034,503
1035,601
1035,301
1035,102
1036,601
1037,602
1038,504
1038,602
1039,203
1039,203
1039,301
1040,203
1040,602
1040,101
1041,406
1041,504
1041,602
1041,203
1042,201
1043,103
1043,103
1044,102
1044,601
1044,101
1044,502
1045,503
1045,503
1045,101
1046,601
1047,406
1048,104
1049,503
1049,601
1049,504
1049,503
1049,101
1049,203
1049,403
1049,504
1050,601
1050,602
1051,104
1051,602
1051,101
1051,201
1051,201
1052,103
1052,504
1052,701
1052,101
1053,701
1053,103
1053,601
1053,501
1054,103
1054,101
1054,402
1054,202
1055,201
1055,101
1055,202
1055,203
1055,105
1056,504
1057,406
1058,602
1059,103
1059,504
1059,702
1059,405
1059,502
1059,603
1059,104
1059,105
1060,602
1060,203
1061,102
1062,103
1062,602
1062,602
1062,104
1063,602
1063,602
1063,301
1063,203
1064,601
1064,603
1065,103
1065,105
1066,407
1066,601
1067,101
1067,701
1067,301
1067,202
1068,504
1068,105
1068,503
1068,103
1069,104
1069,601
1069,603
1069,102
1069,601
1069,602
1069,201
1070,201
1070,602
1071,603
1071,105
1072,103
1072,701
1073,202
1073,101
1074,301
1074,601
1075,202
1075,503
1075,105
1075,103
1075,602
1075,103
1075,105
1075,202
1076,504
1076,702
1077,101
1077,602
1078,601
1078,202
1078,103
1078,502
1078,104
1078,502
1078,102
1078,701
1078,105
1079,603
1079,602
1080,102
1080,101
1081,202
1081,103
1081,101
1081,601
1081,203
1081,404
1082,203
1082,301
1083,603
1084,201
1084,104
1084,102
1084,102
1084,201
1084,406
1085,701
1085,105
1085,601
1085,602
1085,504
1085,203
1085,701
1085,102
1086,103
1086,102
1086,102
1086,603
1086,202
1086,103
1086,503
1086,701
1086,503
1086,503
1087,202
1087,503
1087,603
1087,502
1087,402
1087,503
1087,103
1088,402
1089,504
1089,701
1089,202
1090,101
1090,503
1091,502
1091,102
1092,105
1093,102
1093,602
1094,105
1094,102
1095,503
1095,201
1096,602
1096,504
1097,104
1097,701
1097,602
1097,404
1097,103
1097,504
1097,103
1097,104
1098,405
1098,501
1098,301
1098,105
1098,102
1098,504
1098,105
1099,602
1099,602
1099,203
1099,601
1099,202
1099,105
1099,603
1100,501
1100,105
1101,403
1101,103
1101,203
1102,101
1103,701
1104,602
1104,201
1104,101
1104,103
1104,103
1104,406
1105,102
1105,601
1106,601
1106,407
1106,701
1107,602
1107,103
1108,201
1108,602
1108,203
1108,202
1108,103
1109,202
1110,403
1110,202
1110,407
1111,702
1111,503
1111,504
1111,203
1112,105
1112,202
1112,407
1112,301
1112,101
1112,503
1112,603
1112,401
1112,701
1112,601
1113,404
1113,101
1113,407
1113,504
1113,402
1113,201
1114,201
1114,603
1114,602
1114,601
1114,301
1114,202
1114,104
1115,401
1115,105
1116,603
1116,202
1117,202
1118,602
1119,701
1119,201
1119,601
1119,702
1119,103
1119,407
1119,202
1120,201
1120,601
1120,201
1121,105
1121,105
1121,101
1121,202
1121,105
1121,401
1122,103
1122,403
1122,407
1123,702
1124,203
1124,201
1125,503
1126,603
1126,202
1126,701
1126,101
1126,101
1126,601
1127,203
1127,504
1127,104
1128,101
1128,101
1128,504
1128,601
1128,403
1128,102
1128,105
1128,201
1128,101
1128,201
1129,104
1129,101
1130,105
1130,407
1131,504
1131,105
1131,103
1131,203
1131,104
1131,504
1131,503
1131,504
1131,504
1131,502
1132,701
1132,501
1133,101
1133,202
1133,203
1134,601
1134,102
1134,503
1135,301
1135,602
1135,102
1135,701
1135,402
1135,101
1135,501
1135,103
1135,504
1135,104
1136,601
1137,407
1137,201
1138,601
1138,404
1138,603
1138,102
1138,105
1138,202
1138,103
1139,105
1140,105
1141,301
1141,104
1142,407
1142,701
1142,104
1142,105
1142,701
1143,104
1144,201
1144,701
1145,104
1145,105
1146,202
1146,202
1147,504
1147,203
1148,103
1148,603
1148,201
1148,202
1148,101
1149,203
1150,603
1150,203
1150,503
1150,102
1151,104
1151,603
1151,102
1152,203
1153,603
1153,402
1153,105
1153,603
1153,601
1153,104
1153,105
1154,405
1155,601
1155,601
1156,101
1157,103
1158,404
1158,103
1159,105
1160,504
1160,101
1161,202
1161,105
1161,103
1161,504
1162,102
1162,104
1163,203
1163,104
1163,602
1164,101
1164,602
1165,202
1165,202
1166,101
1166,301
1166,201
1166,601
1166,702
1166,602
1166,104
1166,603
1166,405
1166,103
1167,202
1167,405
1168,102
1168,104
1168,602
1168,203
1168,202
1168,504
1169,603
1169,105
1169,101
1169,602
1169,203
1169,104
1170,602
1170,404
1171,501
1171,105
1172,104
1172,702
1173,103
1173,301
1173,503
1174,105
1174,403
1174,202
1175,202
1176,103
1176,603
1176,202
1176,404
1176,602
1176,603
1176,503
1176,101
1177,601
1177,301
1178,603
1178,103
1179,502
1179,503
1179,202
1179,702
1180,602
1180,503
1180,102
1181,701
1182,601
1182,504
1182,602
1182,103
1182,603
1182,701
1182,203
1182,602
1182,104
1182,101
1183,603
1184,503
1185,102
1185,103
1185,405
1185,503
1185,201
1185,501
1185,701
1185,504
1186,504
1186,101
1186,202
1187,301
1187,103
1187,103
1187,102
1187,105
1187,202
1188,404
1189,603
1189,103
1189,504
1190,503
1191,504
1191,603
1191,602
1191,202
1191,101
1191,102
1191,202
1191,301
1191,406
1192,602
1192,101
1193,401
1193,101
1193,103
1193,105
1194,103
1194,402
1195,102
1196,701
1196,101
1197,406
1197,102
1198,202
1199,601
1199,203
1199,501
1199,202
1199,404
1200,103
1200,501
1201,405
1201,201
1202,503
1202,504
1202,503
1202,601
1202,602
1202,504
1202,101
1202,503
1202,201
1203,201
1203,401
1204,601
1204,701
1205,101
1205,202
1205,701
1205,105
1205,105
1206,407
1206,701
1207,602
1208,103
1208,702
1209,702
1209,104
1210,202
1211,202
1211,503
1211,101
1211,701
1211,201
1211,105
1211,402
1211,102
1211,103
1211,102
1212,601
1212,104
1213,104
1213,601
1213,105
1214,104
1214,203
1214,101
1214,104
1214,104
1214,501
1215,103
1215,501
1216,101
1216,603
1216,601
1216,202
1217,103
1217,105
1217,102
1217,701
1217,103
1217,407
1217,504
1217,603
1217,202
1218,104
1219,202
1219,101
1220,101
1220,101
1221,602
1222,103
1222,701
1222,601
1223,406
1223,503
1224,503
1224,104
1225,103
1226,203
1226,201
1226,504
1226,104
1226,104
1226,503
1227,504
1227,104
1228,104
1228,105
1229,701
1229,201
1230,201
1230,501
1231,602
1232,602
1233,202
1234,503
1234,105
1235,601
1235,601
1236,601
1237,404
1237,504
1237,402
1238,402
1239,104
1239,101
1239,201
1239,104
1239,601
1239,503
1239,103
1239,702
1240,203
1240,407
1241,406
1242,102
1242,701
1243,202
1243,404
1244,203
1244,101
1244,201
1245,502
1246,203
1246,603
1247,202
1247,503
1247,102
1247,407
1247,202
1247,102
1247,103
1247,104
1247,407
1248,406
1248,701
1249,103
1249,404
1250,101
1250,402
1250,701
1250,202
1250,104
1250,603
1250,603
1251,104
1252,403
1253,203
1253,701
1254,602
1255,402
1255,104
1255,504
1255,104
1255,501
1256,602
1256,503
1256,104
1256,101
1256,105
1257,201
1257,105
1257,401
1257,502
1257,701
1257,504
1258,601
1258,504
1258,701
1258,202
1258,701
1258,105
1258,601
1258,104
1258,101
1258,101
1259,102
1259,403
1260,602
1260,103
1261,603
1261,103
1262,103
1262,404
1262,601
1262,103
1262,101
1262,101
1262,603
1262,601
1262,104
1263,201
1263,503
1264,102
1264,601
1265,202
1265,102
1266,401
1266,202
1267,103
1267,104
1268,504
1268,503
1269,202
1269,101
1270,502
1270,301
1270,701
1270,101
1270,504
1270,103
1270,603
1270,201
1270,103
1270,405
1271,203
1271,104
1271,702
1272,103
1273,504
1274,702
1274,202
1274,702
1275,702
1276,201
1276,104
1276,603
1276,701
1277,102
1277,201
1277,201
1277,105
1277,601
1278,602
1279,301
1279,104
1279,203
1279,203
1280,502
1280,602
1281,105
1282,702
1283,601
1283,401
1283,405
1283,105
1283,503
1283,503
1283,203
1283,102
1283,101
1284,701
1284,101
1284,404
1284,504
1284,401
1284,102
1285,104
1286,503
1286,202
1286,203
1286,503
1287,603
1287,202
1288,701
1288,103
1288,202
1288,203
1288,203
1288,402
1288,702
1288,102
1289,701
1290,201
1290,402
1291,201
1291,101
1292,104
1292,102
1293,104
1293,201
1294,203
1294,105
1295,101
1296,503
1296,403
1296,102
1297,201
1298,407
1299,104
1299,103
1300,102
1300,504
1300,501
1301,104
1301,202
1302,603
1303,102
1304,601
1305,502
1305,202
1306,503
1306,102
1306,105
1306,103
1307,504
1307,503
1308,503
1308,601
1308,101
1308,103
1309,105
1309,202
1310,102
1310,104
1311,102
1312,603
1312,201
1312,601
1312,403
1312,203
1312,201
1312,202
1312,503
1312,603
1313,101
1313,202
1313,203
1313,202
1313,701
1313,601
1314,102
1314,504
1315,105
1316,701
1316,401
1317,102
1317,601
1318,603
1318,603
1318,701
1318,104
1318,301
1318,702
1319,601
1319,701
1320,504
1321,401
1322,501
1323,202
1323,202
1323,504
1323,201
1323,603
1323,401
1323,407
1323,701
1323,102
1323,603
1324,101
1325,201
1325,404
1326,503
1326,104
1327,102
1328,504
1328,203
1328,201
1328,102
1328,504
1328,104
1328,202
1328,701
1328,602
1329,701
1329,101
1329,102
1330,203
1331,503
1331,503
1331,102
1331,102
1331,502
1331,203
1331,601
1331,602
1331,502
1331,502
1332,504
1332,601
1333,101
1334,103
1334,602
1334,601
1334,503
1335,702
1335,104
1336,201
1336,402
1337,504
1337,603
1338,104
1338,203
1338,201
1338,203
1338,102
1339,504
1339,203
1339,105
1339,203
1339,602
1340,202
1340,102
1340,403
1340,203
1341,504
1342,104
1342,601
1342,203
1343,603
1343,603
1343,203
1344,201
1344,602
1344,603
1345,101
1345,603
1346,101
1347,601
1347,504
1347,701
1347,102
1348,104
1349,503
1349,603
1349,102
1349,203
1349,601
1349,203
1349,102
1349,601
1349,406
1349,201
1350,402
1350,601
1350,104
1350,104
1350,503
1350,701
1351,406
1352,701
1352,203
1352,404
1353,201
1353,105
1353,501
1354,603
1354,405
1354,504
1354,504
1355,504
1355,102
1355,601
1355,403
1355,301
1355,102
1356,105
1356,603
1357,202
1357,203
1358,701
1358,701
1359,503
1359,402
1360,105
1360,504
1361,502
1362,104
1362,702
1362,201
1363,504
1364,404
1365,203
1365,202
1366,504
1366,101
1367,601
1367,404
1367,103
1368,101
1368,104
1368,105
1368,203
1369,504
1370,406
1370,201
1370,601
1370,301
1371,401
1372,105
1373,104
1374,105
1374,402
1374,504
1374,504
1374,203
1374,203
1374,201
1375,202
1375,405
1375,203
1376,503
1376,602
1377,101
1378,201
1378,602
1378,104
1379,101
1379,504
1380,602
1380,701
1381,203
1381,601
1382,203
1382,201
1382,405
1382,101
1382,105
1383,404
1383,201
1384,104
1384,603
1384,603
1384,503
1384,405
1384,402
1384,402
1384,504
1385,201
1385,104
1385,201
1386,404
1386,103
1386,103
1386,103
1387,201
1388,701
1389,701
1389,504
1389,602
1389,102
1389,105
1389,101
1389,105
1389,202
1390,104
1390,105
1390,102
1390,601
1390,603
1390,202
1390,203
1390,201
1390,502
1390,602
1391,602
1391,504
1392,202
1392,503
1393,504
1394,601
1394,603
1394,603
1395,203
1395,203
1395,202
1395,104
1395,301
1395,503
1395,105
1395,401
1395,504
1395,603
1396,603
1396,601
1397,602
1397,104
1397,405
1398,502
1398,503
1399,102
1400,503
1400,102
1400,301
1401,202
1402,401
1402,202
1403,104
1403,202
1404,603
1404,503
1405,504
1405,102
1405,104
1405,701
1405,602
1406,701
1406,105
1407,503
1407,201
1407,102
1408,504
1408,104
1408,201
1408,104
1408,601
1409,602
1409,504
1410,101
1410,102
1410,504
1410,504
1411,503
1411,403
1411,503
1411,201
1411,202
1412,105
1413,601
1413,602
1414,402
1414,202
1415,405
1415,503
1415,503
1415,202
1415,103
1415,602
1415,201
1415,504
1416,101
1416,701
1416,102
1416,504
1416,701
1416,202
1416,301
1416,104
1416,103
1417,101
1418,201
1418,701
1418,501
1418,105
1418,504
1418,504
1418,104
1418,101
1419,105
1419,701
1419,102
1419,102
1419,403
1419,503
1419,601
1420,603
1420,101
1421,602
1421,602
1421,201
1421,601
1421,701
1421,602
1421,201
1421,102
1421,603
1422,202
1422,701
1423,405
1424,203
1424,202
1424,602
1424,403
1424,403
1424,102
1424,102
1424,407
1425,602
1425,103
1426,602
1426,504
1426,601
1426,301
1426,201
1427,104
1427,202
1428,101
1429,601
1429,602
1430,602
1430,601
1431,504
1432,503
1433,603
1434,202
1434,405
1434,202
1435,203
1435,101
1436,406
1436,504
1436,403
1436,601
1436,104
1436,202
1437,403
1437,201
1437,504
1438,601
1438,104
1439,602
1439,105
1439,702
1439,601
1439,504
1439,602
1440,603
1441,601
1441,603
1441,501
1441,102
1442,105
1443,203
1444,201
1444,603
1444,602
1445,104
1446,202
1447,504
1447,203
1448,504
1448,503
1448,105
1448,405
1448,201
1448,301
1448,103
1449,701
1449,101
1449,701
1449,203
1449,202
1449,103
1449,201
1449,601
1449,601
1450,503
1450,105
1450,103
1450,105
1451,201
1451,104
1451,103
1451,202
1451,201
1451,201
1452,503
1452,202
1452,202
1452,202
1452,502
1452,202
1452,701
1452,203
1452,102
1453,103
1453,203
1453,202
1453,601
1453,103
1453,603
1454,402
1454,503
1454,502
1454,201
1454,504
1454,104
1454,503
1455,701
1456,503
1457,603
1457,603
1457,601
1457,402
1457,201
1457,402
1458,601
1459,602
1459,102
1460,101
1460,602
1460,404
1460,603
1460,102
1460,701
1460,701
1460,402
1460,702
1461,103
1462,504
1462,405
1462,504
1462,406
1462,102
1462,102
1462,401
1462,603
1463,404
1463,603
1464,103
1464,601
1465,103
1466,502
1466,702
1466,701
1466,603
1466,603
1466,201
1466,101
1466,104
1467,202
1467,701
1467,103
1467,105
1468,602
1468,105
1468,202
1469,202
1469,602
1470,501
1470,602
1471,503
1471,203
1471,104
1471,405
1471,105
1471,504
1471,105
1471,702
1471,602
1472,201
1472,504
1472,602
1472,104
1472,301
1473,701
1474,403
1474,503
1474,503
1474,201
1474,201
1474,601
1474,203
1474,603
1475,601
1476,203
1476,407
1477,601
1477,603
1477,701
1478,102
1478,203
1479,503
1480,301
1480,201
1481,202
1481,401
1482,101
1482,504
1482,103
1482,407
1483,603
1484,104
1484,202
1485,503
1485,602
1486,203
1486,504
1487,103
1487,101
1488,104
1489,701
1489,201
1490,603
1490,104
1490,105
1490,603
1490,104
1490,102
1491,504
1491,504
1491,501
1492,503
1492,301
1492,203
1492,406
1492,601
1493,702
1493,603
1494,701
1494,601
1494,104
1495,503
1495,103
1496,402
1497,503
1497,405
1497,504
1497,407
1498,504
1498,201
1499,503
1499,101
1499,105
1499,701
1500,101
1501,203
1501,101
1501,602
1501,602
1501,404
1502,203
1502,102
1503,602
1503,201
1503,203
1503,502
1503,203
1503,404
1503,701
1503,503
1504,504
1504,104
1504,602
1504,104
1504,203
1504,103
1504,504
1505,406
1505,402
1505,101
1505,504
1505,105
1506,701
1506,601
1506,202
1506,102
1506,401
1506,601
1506,602
1506,602
1507,601
1508,104
1508,503
1508,102
1508,103
1508,601
1509,504
1509,701
1510,503
1510,503
1511,104
1511,401
1512,102
1512,701
1513,504
1513,301
1514,503
1514,203
1514,701
1514,101
1515,501
1516,202
1516,202
1516,203
1517,103
1517,601
1518,503
1518,403
1518,503
1518,104
1519,503
1519,201
1519,105
1519,105
1519,201
1520,101
1520,105
1521,405
1521,105
1522,603
1522,603
1522,503
1522,102
1522,201
1522,403
1522,501
1522,103
1522,601
1522,101
1523,601
1523,401
1523,602
1523,404
1523,702
1523,102
1523,401
1524,301
1525,503
1525,104
1526,603
1526,202
1527,402
1527,601
1527,105
1527,603
1527,103
1527,202
1527,601
1528,601
1528,103
1529,202
1530,603
1530,103
1531,101
1531,105
1531,602
1531,102
1531,702
1531,602
1531,601
1531,603
1531,105
1532,102
1532,103
1532,603
1532,402
1532,405
1532,407
1532,602
1532,602
1532,101
1533,103
1533,201
1534,504
1535,202
1535,201
1535,504
1536,203
1536,603
1537,504
1538,504
1538,702
1539,701
1540,601
1540,103
1541,403
1542,301
1542,101
1543,504
1543,702
1544,105
1545,203
1545,201
1546,105
1547,702
1547,601
1547,202
1547,101
1547,503
1547,103
1547,701
1547,104
1547,101
1547,102
1548,503
1549,504
1549,602
1550,103
1550,603
1551,602
1551,503
1551,105
1551,201
1551,601
1551,105
1551,603
1551,503
1551,701
1552,405
1552,702
1552,504
1552,503
1552,602
1552,104
1552,105
1552,602
1553,502
1553,602
1554,504
1554,103
1554,502
1554,405
1554,403
1554,203
1554,504
1554,405
1554,101
1554,701
1555,102
1555,504
1555,203
1555,601
1555,702
1555,602
1555,104
1556,602
1556,701
1556,104
1556,503
1556,603
1556,503
1556,603
1556,504
1556,405
1557,301
1557,401
1557,603
1557,504
1557,201
1557,702
1557,407
1557,602
1557,105
1557,102
1558,101
1558,401
1559,103
1559,601
1559,701
1559,201
1559,601
1559,203
1560,202
1561,105
1561,102
1562,701
1563,504
1563,201
1564,402
1564,701
1564,103
1565,406
1565,601
1565,701
1565,502
1565,601
1565,105
1566,601
1566,202
1567,601
1568,602
1569,701
1569,101
1569,103
1570,403
1570,103
1571,504
1571,603
1572,603
1573,202
1573,104
1574,504
1574,301
1574,504
1574,601
1574,203
1574,105
1575,102
1575,103
1576,102
1576,404
1577,602
1578,101
1578,104
1578,503
1578,603
1578,105
1578,202
1579,201
1580,203
1580,202
1581,502
1581,104
1581,503
1582,101
1583,603
1583,603
1583,201
1584,202
1584,201
1585,405
1585,603
1586,601
1586,102
1587,101
1587,203
1588,103
1589,502
1589,202
1590,105
1590,105
1590,203
1590,603
1591,102
1591,201
1591,407
1592,202
1593,301
1594,603
1594,407
1595,102
1596,201
1596,203
1596,404
1596,602
1597,603
1598,105
1598,104
1599,103
1599,101
1600,701
1600,104
1600,105
1600,201
1600,407
1600,104
1600,105
1600,602
1601,104
1601,202
1601,602
1601,203
1602,603
1602,203
1602,407
1603,501
1603,702
1603,603
1604,601
1604,602
1604,406
1605,105
1605,404
1606,104
1606,403
1606,701
1606,103
1607,701
1607,105
1608,201
1609,101
1609,105
1610,104
1610,202
1611,407
1611,203
1612,701
1612,101
1613,104
1614,101
1614,601
1615,105
1615,101
1615,104
1615,202
1615,203
1615,504
1615,104
1615,201
1616,201
1616,603
1617,105
1618,601
1618,102
1618,102
1618,102
1618,501
1618,103
1618,501
1618,203
1618,203
1619,503
1619,407
1619,202
1620,202
1620,202
1620,102
1620,105
1620,404
1620,104
1621,602
1621,101
1622,102
1622,602
1622,105
1622,603
1623,201
1623,602
1623,202
1623,504
1623,103
1623,601
1624,602
1624,105
1624,504
1625,602
1625,504
1625,503
1625,201
1625,502
1625,104
1625,103
