OrderID,Name,Tax,Time,EID
0,Mia,1.779525,2023-02-19 18:28:29,4
1,Tom,1.3505249999999998,2023-02-19 18:56:55,2
2,Charles,0.5758500000000001,2023-02-19 20:07:00,5
3,Christian,4.777575000000001,2023-02-19 13:32:07,2
4,Mia,1.579875,2023-02-19 11:41:49,3
5,Franklin,0.6921750000000001,2023-02-19 19:05:12,3
6,Jacob,1.36785,2023-02-19 18:03:40,6
7,Tom,1.3843500000000002,2023-02-19 12:19:26,4
8,Noah,1.55595,2023-02-19 13:02:58,5
9,George,3.9624750000000004,2023-02-19 13:40:18,1
10,Apollo,0.9801,2023-02-19 20:39:41,6
11,Franklin,1.1946,2023-02-19 19:07:19,2
12,Lynda,1.1038500000000002,2023-02-19 13:06:33,2
13,Grover,1.6640249999999999,2023-02-19 11:54:45,6
14,Christian,1.13685,2023-02-19 20:55:21,1
15,Ted,1.7877750000000001,2023-02-19 12:45:50,3
16,Sydney,4.2825750000000005,2023-02-19 17:18:50,1
17,Ashton,4.513575000000001,2023-02-19 14:45:54,1
18,Noah,1.6310250000000004,2023-02-19 19:16:33,6
19,Mia,0.411675,2023-02-19 16:55:23,2
20,Hazel,4.9599,2023-02-19 12:09:55,4
21,Sydney,2.2085250000000003,2023-02-19 12:11:19,6
22,Mia,0.411675,2023-02-19 12:16:41,4
23,Mia,0.8481,2023-02-19 19:27:54,3
24,Mia,0.906675,2023-02-19 12:54:52,6
25,Madison,1.36785,2023-02-19 20:30:31,5
26,Apollo,1.2606000000000002,2023-02-19 12:57:24,1
27,Ashton,0.82335,2023-02-19 18:32:34,5
28,Sydney,0.6913500000000001,2023-02-19 13:41:47,3
29,Apollo,1.1030250000000001,2023-02-19 16:34:09,4
30,Ted,1.4082750000000002,2023-02-19 13:46:55,1
31,Grover,2.198625,2023-02-19 12:25:13,3
32,Christian,3.5400750000000003,2023-02-19 16:23:37,5
33,Nathan,0.32835000000000003,2023-02-19 20:54:14,4
34,Jacob,1.4247750000000001,2023-02-19 20:39:17,5
35,Liam,0.6921750000000001,2023-02-19 19:04:39,5
36,Kasey,0.411675,2023-02-19 13:25:40,5
37,Ted,2.041875,2023-02-19 17:05:37,3
38,Ted,1.1269500000000001,2023-02-19 18:46:02,1
39,George,3.2125500000000007,2023-02-19 16:58:52,6
40,Claire,1.063425,2023-02-19 12:29:17,3
41,Lillian,0.7491,2023-02-19 19:42:52,5
42,Thomas,1.1946,2023-02-19 11:42:24,6
43,Sydney,1.0378500000000002,2023-02-19 19:50:08,1
44,Thomas,0.180675,2023-02-19 13:28:32,3
45,Lynda,0.568425,2023-02-19 18:31:41,3
46,Amelia,0.6921750000000001,2023-02-19 14:35:08,6
47,James,2.124375,2023-02-19 13:53:21,4
48,Bart,1.1038500000000002,2023-02-19 14:24:09,1
49,Josh,4.190175000000001,2023-02-19 14:03:23,5
50,Thomas,4.950825000000001,2023-02-19 13:51:30,3
51,Grover,0.8481,2023-02-19 11:18:54,2
52,Bart,0.8654250000000001,2023-02-19 12:28:02,3
53,James,0.568425,2023-02-19 19:19:58,6
54,Apollo,1.1038500000000002,2023-02-19 16:05:13,2
55,Thomas,0.568425,2023-02-19 18:09:03,4
56,Bart,0.8654250000000001,2023-02-19 13:57:43,4
57,Hazel,0.568425,2023-02-19 20:27:49,5
58,George,1.25235,2023-02-19 20:09:25,4
59,Charles,0.683925,2023-02-19 19:18:17,2
60,Jacob,0.411675,2023-02-19 13:23:48,2
61,Luca,0.411675,2023-02-19 16:56:27,2
62,Ashton,1.1038500000000002,2023-02-19 12:57:49,6
63,Jacob,0.6921750000000001,2023-02-19 16:50:00,5
64,Lillian,0.6921750000000001,2023-02-19 13:36:20,3
65,Claire,4.455,2023-02-19 18:11:20,6
66,George,2.4865500000000003,2023-02-19 13:20:10,5
67,Mia,1.086525,2023-02-19 17:58:48,3
68,Danny,0.7738500000000001,2023-02-19 18:22:48,2
69,Josh,0.411675,2023-02-19 13:39:42,6
70,Apollo,2.4865500000000003,2023-02-19 15:12:53,6
71,Mia,2.2407,2023-02-19 13:06:26,3
72,Grover,1.2606000000000002,2023-02-19 16:30:21,5
73,Noah,0.16417500000000002,2023-02-19 16:49:40,6
74,Nathan,0.99,2023-02-19 15:01:49,3
75,Madison,2.5533750000000004,2023-02-19 12:26:51,5
76,Grover,4.44015,2023-02-19 19:18:33,1
77,Ted,0.9801,2023-02-19 13:08:10,5
78,Lillian,0.411675,2023-02-19 19:31:13,1
79,Nathan,0.6921750000000001,2023-02-19 18:12:28,2
80,Charles,1.1451000000000002,2023-02-19 11:45:00,6
81,Sydney,1.187175,2023-02-19 18:16:33,4
82,Hazel,0.37042500000000006,2023-02-19 18:01:50,1
83,Christian,0.37042500000000006,2023-02-19 12:33:17,4
84,Noah,0.411675,2023-02-19 15:39:43,2
85,Franklin,0.95535,2023-02-19 15:09:28,1
86,George,1.0956,2023-02-19 18:48:18,2
87,Lillian,4.2322500000000005,2023-02-19 17:28:40,3
88,Noah,2.0097000000000005,2023-02-19 19:15:27,4
89,Danny,2.2877250000000005,2023-02-19 18:18:40,4
90,Ted,0.495,2023-02-19 16:18:11,4
91,Christian,0.37042500000000006,2023-02-19 18:17:20,2
92,Jacob,1.0378500000000002,2023-02-19 19:05:37,4
93,Josh,4.316400000000001,2023-02-19 18:31:03,1
94,Kasey,1.063425,2023-02-19 20:49:55,3
95,Marilyn,3.1795500000000008,2023-02-19 11:07:27,6
96,Lynda,1.35135,2023-02-19 17:49:56,2
97,Luca,0.568425,2023-02-19 13:57:34,2
98,Bart,1.0956,2023-02-19 18:53:42,4
99,Madison,1.0461,2023-02-19 14:20:24,1
100,Tom,4.634850000000001,2023-02-19 12:28:05,3
101,Thomas,1.6640250000000003,2023-02-19 19:41:13,4
102,Mia,0.95535,2023-02-19 15:04:43,4
103,Lynda,1.6145250000000004,2023-02-19 20:34:42,2
104,James,1.3843500000000002,2023-02-19 16:27:27,6
105,George,1.2680250000000002,2023-02-19 18:29:30,5
106,Charles,4.851000000000001,2023-02-19 15:45:55,2
107,George,0.7491,2023-02-19 18:17:32,5
108,James,0.495,2023-02-19 19:15:53,1
109,Hazel,4.14315,2023-02-19 13:42:31,4
110,Liam,0.683925,2023-02-19 13:15:14,6
111,Jacob,2.7761250000000004,2023-02-19 11:17:02,4
112,Lillian,4.070550000000001,2023-02-19 18:48:53,2
113,Ted,0.7325999999999999,2023-02-19 20:41:44,1
114,Josh,1.0791000000000002,2023-02-19 13:12:34,1
115,Ashton,0.9801,2023-02-19 17:10:43,6
116,Marilyn,4.46325,2023-02-19 13:37:25,1
117,Lillian,0.7325999999999999,2023-02-19 15:38:52,3
118,John,0.16417500000000002,2023-02-19 19:26:10,1
119,Amelia,1.7292,2023-02-19 13:32:04,5
120,Amelia,3.2538,2023-02-19 19:54:25,5
121,Danny,5.138925,2023-02-19 13:32:07,4
122,Franklin,2.2167749999999997,2023-02-19 11:24:57,1
123,Amelia,0.6913500000000001,2023-02-19 20:28:43,2
124,Noah,1.25235,2023-02-19 18:53:26,4
125,Hazel,1.15335,2023-02-19 20:53:42,4
126,George,1.1946,2023-02-19 19:57:02,6
127,Liam,2.2563750000000007,2023-02-19 13:51:27,2
128,Lillian,1.1030250000000001,2023-02-19 18:08:22,5
129,Charles,1.1038500000000002,2023-02-19 13:28:28,4
130,Nathan,2.16645,2023-02-19 18:32:38,5
131,Sydney,2.6688750000000003,2023-02-19 13:05:35,1
132,Apollo,1.730025,2023-02-19 18:24:17,3
133,Amelia,4.6695,2023-02-19 19:11:17,4
134,Nathan,1.3761,2023-02-19 13:02:54,3
135,Christian,2.4791250000000002,2023-02-19 18:23:11,3
136,Madison,1.7877750000000001,2023-02-19 11:22:51,5
137,Franklin,0.6921750000000001,2023-02-19 18:44:24,1
138,Danny,1.7877750000000001,2023-02-19 20:23:46,3
139,Amelia,0.495,2023-02-19 16:01:45,2
140,Christian,3.69105,2023-02-19 19:50:51,4
141,Luca,0.411675,2023-02-19 15:55:07,5
142,Ted,4.11015,2023-02-19 13:32:28,4
143,Apollo,1.9527750000000001,2023-02-19 13:38:51,2
144,Ashton,1.7052749999999999,2023-02-19 12:20:52,5
145,Mia,0.452925,2023-02-19 13:10:42,6
146,Christian,0.411675,2023-02-19 12:19:50,2
147,Bart,0.8563500000000001,2023-02-19 14:27:35,5
148,Mia,0.16417500000000002,2023-02-19 12:22:43,1
149,Danny,0.95535,2023-02-19 13:36:35,5
150,Josh,0.6921750000000001,2023-02-19 14:38:28,6
151,Ashton,0.5346000000000001,2023-02-19 18:35:16,3
152,Danny,0.411675,2023-02-19 16:07:31,5
153,Thomas,1.1038500000000002,2023-02-19 16:51:34,5
154,John,1.187175,2023-02-19 12:06:20,1
155,Mia,1.992375,2023-02-19 16:16:20,3
156,Claire,0.411675,2023-02-19 14:44:24,2
157,Nathan,3.7405500000000003,2023-02-19 19:40:46,4
158,Hazel,0.82335,2023-02-19 15:16:21,1
159,Noah,0.180675,2023-02-19 18:32:03,5
160,Tom,2.048475,2023-02-19 14:54:32,3
161,Grover,1.5072750000000001,2023-02-19 13:12:10,5
162,James,3.054975,2023-02-19 12:19:22,3
163,Danny,1.187175,2023-02-19 18:54:41,4
164,Luca,1.187175,2023-02-19 20:46:18,3
165,Amelia,0.411675,2023-02-19 12:42:07,3
166,Lynda,2.528625,2023-02-19 11:53:35,5
167,Josh,1.3183500000000001,2023-02-19 11:43:34,6
168,Mia,1.2606000000000002,2023-02-19 17:31:38,3
169,James,1.063425,2023-02-19 19:53:10,4
170,Amelia,4.6794,2023-02-19 20:34:42,5
171,Nathan,0.675675,2023-02-19 19:44:01,4
172,Luca,0.6921750000000001,2023-02-19 14:32:17,4
173,Lillian,0.37042500000000006,2023-02-19 13:11:47,3
174,Liam,0.568425,2023-02-19 13:22:11,4
175,Tom,0.79035,2023-02-19 20:29:34,4
176,Danny,0.16417500000000002,2023-02-19 15:10:39,2
177,Bart,0.6921750000000001,2023-02-19 17:09:11,4
178,Marilyn,0.6913500000000001,2023-02-19 15:45:56,1
179,Lynda,0.452925,2023-02-19 12:23:47,6
180,George,0.180675,2023-02-19 20:29:00,5
181,Luca,1.886775,2023-02-19 13:44:38,3
182,Mia,1.1038500000000002,2023-02-19 14:42:39,5
183,Tom,1.3761,2023-02-19 18:00:12,1
184,Josh,0.6921750000000001,2023-02-19 19:21:28,3
185,Mia,0.8555250000000001,2023-02-19 19:38:15,4
186,Jacob,1.13685,2023-02-19 19:19:21,1
187,Claire,0.82335,2023-02-19 13:12:07,3
188,Noah,0.568425,2023-02-19 12:51:43,3
189,Ashton,1.3505250000000002,2023-02-19 12:34:14,1
190,Claire,0.568425,2023-02-19 12:24:34,4
191,Josh,1.187175,2023-02-19 12:37:19,6
192,Mia,0.626175,2023-02-19 14:18:17,2
193,Madison,1.0626000000000002,2023-02-19 13:15:54,3
194,Noah,0.87285,2023-02-19 15:13:04,3
195,Madison,1.2432750000000001,2023-02-19 20:45:10,4
196,Lillian,3.5409,2023-02-19 12:40:31,1
197,Liam,1.0131000000000001,2023-02-19 13:42:00,6
198,Hazel,1.1038500000000002,2023-02-19 16:36:37,3
199,Mia,0.6913500000000001,2023-02-19 13:26:35,4
200,Noah,0.9801,2023-02-19 19:39:41,6
201,Ted,3.1713000000000005,2023-02-19 17:29:28,2
202,Apollo,0.568425,2023-02-19 18:36:32,3
203,Jacob,0.7821,2023-02-19 15:42:19,3
204,Lillian,4.670325,2023-02-19 13:58:42,5
205,Amelia,2.809125,2023-02-19 14:00:12,5
206,Tom,1.944525,2023-02-19 14:08:39,3
207,John,0.568425,2023-02-19 20:18:34,6
208,Franklin,0.37042500000000006,2023-02-19 18:33:07,1
209,Amelia,5.1232500000000005,2023-02-19 13:46:19,1
210,Marilyn,3.945150000000001,2023-02-19 18:42:16,6
211,James,0.7325999999999999,2023-02-19 14:22:08,1
212,Josh,1.18635,2023-02-19 16:37:18,2
213,Claire,2.140875,2023-02-19 13:31:31,2
214,Grover,1.9767000000000001,2023-02-19 14:50:55,4
215,Liam,1.3340250000000002,2023-02-19 17:49:06,1
216,Thomas,1.13685,2023-02-19 12:04:19,1
217,Ted,4.605975000000001,2023-02-19 19:38:05,1
218,Josh,0.675675,2023-02-19 13:17:18,5
219,Liam,0.906675,2023-02-19 18:14:51,4
220,Christian,0.411675,2023-02-19 18:40:14,4
221,Lillian,3.0879749999999997,2023-02-19 19:58:23,2
222,Luca,4.201725000000001,2023-02-19 13:57:36,1
223,Danny,1.6046250000000004,2023-02-19 19:21:32,6
224,Christian,0.6921750000000001,2023-02-19 19:17:12,5
225,Lynda,0.9875250000000001,2023-02-19 11:33:12,2
226,Marilyn,0.6921750000000001,2023-02-19 18:08:55,5
227,Thomas,0.9966,2023-02-19 19:38:44,2
228,Marilyn,0.7491,2023-02-19 11:05:56,3
229,James,1.1541750000000002,2023-02-19 19:15:28,3
230,Ashton,0.87285,2023-02-19 19:24:08,6
231,John,3.3280500000000006,2023-02-19 13:32:45,3
232,Franklin,1.1030250000000001,2023-02-19 11:36:12,2
233,Claire,2.0748750000000005,2023-02-19 18:37:52,3
234,Apollo,0.93885,2023-02-19 19:10:34,3
235,Luca,2.809125,2023-02-19 18:21:18,1
236,Kasey,0.568425,2023-02-19 16:04:48,2
237,Thomas,0.568425,2023-02-19 12:35:12,4
238,Apollo,0.37042500000000006,2023-02-19 13:22:05,5
239,Franklin,0.6921750000000001,2023-02-19 18:56:34,2
240,Charles,1.6541250000000005,2023-02-19 13:56:35,1
241,Sydney,2.241525,2023-02-19 20:17:25,4
242,Jacob,4.1679,2023-02-19 12:30:09,5
243,Sydney,1.4239500000000003,2023-02-19 13:19:24,1
244,Charles,1.4016750000000002,2023-02-19 19:05:22,1
245,Apollo,5.140575,2023-02-19 13:39:45,6
246,Marilyn,0.93885,2023-02-19 20:27:29,2
247,Noah,2.1417,2023-02-19 19:42:42,4
248,Grover,0.626175,2023-02-19 15:30:13,5
249,Noah,1.121175,2023-02-19 13:05:00,4
250,Jacob,0.147675,2023-02-19 13:26:55,2
251,Mia,4.637325000000001,2023-02-19 15:32:31,4
252,Ted,1.2606000000000002,2023-02-19 18:47:14,3
253,Grover,3.0384750000000005,2023-02-19 18:55:09,1
254,George,5.228850000000001,2023-02-19 13:44:11,6
255,Kasey,1.9923750000000002,2023-02-19 14:06:48,4
256,Claire,1.187175,2023-02-19 14:19:25,3
257,George,0.683925,2023-02-19 15:21:02,4
258,Lynda,3.0558,2023-02-19 18:31:56,2
259,John,3.526050000000001,2023-02-19 12:32:04,3
260,Christian,0.34485,2023-02-19 14:21:27,3
261,Christian,0.906675,2023-02-19 20:51:02,2
262,Charles,1.3761,2023-02-19 19:06:41,5
263,Hazel,3.5178000000000003,2023-02-19 20:48:48,1
264,Claire,1.25235,2023-02-19 15:17:38,6
265,Apollo,1.3761,2023-02-19 16:43:57,4
266,Thomas,2.206875,2023-02-19 11:50:01,5
267,John,0.906675,2023-02-19 12:40:02,6
268,Marilyn,0.16417500000000002,2023-02-19 20:38:50,6
269,Apollo,1.96845,2023-02-19 18:08:12,1
270,Madison,1.3835250000000003,2023-02-19 19:38:02,6
271,Franklin,1.3843500000000002,2023-02-19 14:19:20,1
272,Claire,3.6902250000000003,2023-02-19 13:24:14,1
273,James,0.6921750000000001,2023-02-19 15:54:32,1
274,Luca,1.1038500000000002,2023-02-19 12:03:53,4
275,Ashton,0.83985,2023-02-19 19:51:32,4
276,John,1.6227750000000003,2023-02-19 20:48:05,2
277,Bart,0.6913500000000001,2023-02-19 13:13:17,4
278,Lillian,4.8930750000000005,2023-02-19 20:50:45,6
279,Charles,0.6591750000000001,2023-02-19 19:12:53,1
280,Danny,2.512125,2023-02-19 13:37:22,5
281,Kasey,3.2282250000000006,2023-02-19 20:45:33,5
282,Marilyn,1.5072750000000001,2023-02-19 11:21:07,2
283,Noah,1.259775,2023-02-19 20:42:49,2
284,Grover,4.795725,2023-02-19 13:45:11,5
285,Bart,4.637325000000001,2023-02-19 13:50:13,2
286,Sydney,0.411675,2023-02-19 19:42:56,3
287,George,4.9079250000000005,2023-02-19 13:28:38,1
288,Josh,0.6921750000000001,2023-02-19 20:07:55,3
289,Lillian,1.4907750000000002,2023-02-19 13:32:06,5
290,Hazel,5.272575000000001,2023-02-19 20:14:18,4
291,Franklin,0.872025,2023-02-19 18:48:24,6
292,Jacob,1.6896000000000002,2023-02-19 16:55:57,6
293,Danny,1.0626000000000002,2023-02-19 13:44:42,4
294,Sydney,0.8555250000000001,2023-02-19 20:35:05,4
295,Claire,0.3869250000000001,2023-02-19 17:22:33,1
296,Nathan,0.6913500000000001,2023-02-19 11:13:02,2
297,Christian,0.5676000000000001,2023-02-19 13:00:26,1
298,James,1.763025,2023-02-19 18:24:51,6
299,Charles,4.619999999999999,2023-02-19 15:45:42,4
300,Apollo,1.1451000000000002,2023-02-19 12:41:19,4
301,Claire,4.44015,2023-02-19 15:21:40,2
302,Sydney,0.82335,2023-02-19 13:31:03,1
303,Hazel,1.05435,2023-02-19 13:08:49,2
304,Grover,1.2606000000000002,2023-02-19 19:08:21,5
305,Mia,1.1038500000000002,2023-02-19 13:40:13,2
306,Sydney,0.37042500000000006,2023-02-19 18:31:14,3
307,Ted,3.2628750000000006,2023-02-19 13:04:42,2
308,Danny,0.180675,2023-02-19 18:26:15,3
309,James,0.180675,2023-02-19 19:00:35,2
310,Bart,0.906675,2023-02-19 18:25:05,3
311,Kasey,0.5676000000000001,2023-02-19 13:06:23,3
312,Ted,0.82335,2023-02-19 15:19:53,1
313,James,0.37042500000000006,2023-02-19 19:54:05,3
314,Thomas,4.562250000000001,2023-02-19 13:05:28,4
315,Ashton,5.214825000000001,2023-02-19 19:51:34,1
316,Madison,1.77045,2023-02-19 19:10:45,4
317,Jacob,1.3843500000000002,2023-02-19 13:23:39,3
318,Thomas,2.6193750000000002,2023-02-19 13:15:16,5
319,Claire,2.076525,2023-02-19 11:42:30,3
320,Lynda,1.1030250000000001,2023-02-19 11:48:19,3
321,Noah,2.6597999999999997,2023-02-19 19:37:39,5
322,Josh,0.495,2023-02-19 13:11:11,5
323,Noah,1.8612000000000002,2023-02-19 12:58:08,6
324,Hazel,0.147675,2023-02-19 12:48:03,3
325,Liam,1.2606000000000002,2023-02-19 12:07:30,5
326,Christian,1.4742749999999998,2023-02-19 20:27:53,5
327,Noah,0.411675,2023-02-19 18:16:33,1
328,Tom,4.251225000000001,2023-02-19 19:46:05,2
329,Lillian,0.82335,2023-02-19 14:37:54,5
330,Tom,0.6921750000000001,2023-02-19 11:49:55,1
331,Thomas,0.5346000000000001,2023-02-19 14:50:36,4
332,Ashton,3.0714750000000004,2023-02-19 13:08:06,2
333,Luca,1.1038500000000002,2023-02-19 14:52:20,3
334,Thomas,2.9485500000000004,2023-02-19 13:12:05,2
335,Liam,0.82335,2023-02-19 18:18:40,1
336,Josh,2.1169500000000006,2023-02-19 13:31:30,4
337,Josh,0.6921750000000001,2023-02-19 20:44:29,3
338,Bart,1.1946,2023-02-19 13:21:54,2
339,James,3.2191500000000004,2023-02-19 20:09:14,3
340,Kasey,0.7325999999999999,2023-02-19 18:33:45,2
341,Apollo,0.906675,2023-02-19 15:14:53,6
342,Noah,0.495,2023-02-19 19:55:10,4
343,Hazel,0.452925,2023-02-19 20:32:44,1
344,John,0.93885,2023-02-19 12:14:45,5
345,Sydney,1.779525,2023-02-19 20:45:34,2
346,Lillian,1.43385,2023-02-19 19:21:27,6
347,George,5.577825,2023-02-19 16:56:20,2
348,Tom,0.82335,2023-02-19 20:34:02,3
349,Luca,1.5972,2023-02-19 13:23:29,5
350,Bart,0.6913500000000001,2023-02-19 14:57:01,5
351,Danny,0.93885,2023-02-19 20:44:25,3
352,Lynda,1.8051,2023-02-19 13:09:26,6
353,Tom,0.3869250000000001,2023-02-19 18:02:32,5
354,Hazel,1.259775,2023-02-19 19:53:46,1
355,Thomas,3.475725,2023-02-19 19:12:04,6
356,Christian,1.07085,2023-02-19 20:35:25,3
357,Grover,0.411675,2023-02-19 11:26:23,2
358,Lillian,1.5972,2023-02-19 11:18:49,6
359,Tom,0.180675,2023-02-19 14:31:43,1
360,Noah,1.3513500000000003,2023-02-19 13:33:23,4
361,Charles,0.675675,2023-02-19 19:12:33,2
362,Grover,1.9354500000000001,2023-02-19 15:44:03,2
363,Ted,0.9801,2023-02-19 16:54:52,3
364,Tom,0.6591750000000001,2023-02-19 15:23:02,3
365,Jacob,0.683925,2023-02-19 19:00:10,5
366,Josh,2.9733,2023-02-19 19:15:27,1
367,Thomas,0.8654250000000001,2023-02-19 12:52:15,4
368,Danny,2.7423,2023-02-19 14:43:33,2
369,Charles,2.56245,2023-02-19 15:57:39,6
370,Mia,0.82335,2023-02-19 19:32:32,1
371,Noah,1.3752750000000002,2023-02-19 12:41:35,3
372,Amelia,4.4484,2023-02-19 11:56:21,4
373,Thomas,1.3835250000000003,2023-02-19 12:49:57,5
374,Ashton,1.25235,2023-02-19 15:19:16,2
375,Madison,0.411675,2023-02-19 18:03:45,2
376,Christian,1.944525,2023-02-19 20:53:05,6
377,Ashton,5.88225,2023-02-19 18:58:45,4
378,Hazel,3.894825000000001,2023-02-19 13:11:01,3
379,Josh,1.1038500000000002,2023-02-19 18:16:45,6
380,James,1.4577750000000003,2023-02-19 13:14:56,2
381,Tom,0.9801,2023-02-19 14:04:15,1
382,Tom,4.218225,2023-02-19 15:23:54,5
383,Jacob,3.1465500000000004,2023-02-19 18:26:25,6
384,Thomas,1.3843500000000002,2023-02-19 13:29:22,4
385,Grover,0.495,2023-02-19 20:54:29,5
386,Luca,0.568425,2023-02-19 13:49:52,3
387,Madison,0.7416750000000001,2023-02-19 19:23:16,3
388,Lillian,0.947925,2023-02-19 13:53:24,6
389,Kasey,1.25235,2023-02-19 13:52:22,3
390,Noah,0.5758500000000001,2023-02-19 20:48:29,1
391,Apollo,1.1038500000000002,2023-02-19 18:23:06,1
392,Tom,0.82335,2023-02-19 14:34:09,2
393,Charles,5.15625,2023-02-19 19:48:47,5
394,Kasey,1.2606000000000002,2023-02-19 13:10:33,6
395,Bart,1.0626000000000002,2023-02-19 17:51:20,5
396,Jacob,4.069725,2023-02-19 13:51:34,4
397,Sydney,0.411675,2023-02-19 14:37:14,6
398,John,0.8563500000000001,2023-02-19 19:25:52,2
399,Kasey,0.756525,2023-02-19 17:14:31,3
400,Nathan,1.25235,2023-02-19 20:44:56,2
401,Thomas,0.5758500000000001,2023-02-19 16:26:19,1
402,Marilyn,4.5375000000000005,2023-02-19 13:52:42,5
403,George,0.8646,2023-02-19 13:45:10,4
404,Charles,0.5758500000000001,2023-02-19 14:53:36,4
405,John,5.676,2023-02-19 14:25:38,6
406,Lynda,1.15335,2023-02-19 18:36:24,6
407,Bart,1.25235,2023-02-19 19:31:12,2
408,Apollo,0.5758500000000001,2023-02-19 12:41:46,3
409,Ted,0.568425,2023-02-19 19:54:09,6
410,Mia,0.411675,2023-02-19 18:28:51,1
411,Thomas,0.7325999999999999,2023-02-19 14:19:38,5
412,Mia,0.180675,2023-02-19 13:46:16,1
413,Franklin,1.9932,2023-02-19 13:53:06,2
414,Danny,0.5511,2023-02-19 16:37:01,2
415,James,0.411675,2023-02-19 12:43:14,6
416,Jacob,4.693425000000001,2023-02-19 13:00:33,5
417,Jacob,0.82335,2023-02-19 11:17:04,5
418,George,0.8481,2023-02-19 20:30:58,6
419,Sydney,1.3183500000000001,2023-02-19 17:32:48,3
420,Nathan,0.568425,2023-02-19 14:48:24,2
421,Franklin,0.411675,2023-02-19 19:42:48,6
422,John,2.3232,2023-02-19 18:28:07,1
423,Charles,3.3750750000000003,2023-02-19 13:09:12,2
424,Ashton,1.6549500000000004,2023-02-19 18:17:43,6
425,Grover,1.0956,2023-02-19 13:42:40,1
426,John,1.1038500000000002,2023-02-19 19:03:33,1
427,Lynda,3.0805499999999997,2023-02-19 13:48:50,2
428,Kasey,1.7283750000000002,2023-02-19 13:45:50,3
429,Claire,1.1038500000000002,2023-02-19 11:46:57,4
430,Noah,1.3101,2023-02-19 13:25:35,6
431,Tom,1.3843500000000002,2023-02-19 16:22:06,6
432,Jacob,0.8315999999999999,2023-02-19 20:04:26,3
433,Grover,2.1252000000000004,2023-02-19 12:55:18,1
434,Danny,3.640725,2023-02-19 14:00:36,2
435,George,1.589775,2023-02-19 19:33:15,6
436,Claire,1.8282,2023-02-19 18:30:00,5
437,Lynda,0.626175,2023-02-19 20:22:46,6
438,John,1.8447,2023-02-19 13:56:48,5
439,Thomas,0.6591750000000001,2023-02-19 16:37:55,2
440,Josh,0.495,2023-02-19 14:52:36,4
441,Noah,4.446750000000001,2023-02-19 13:08:45,6
442,Noah,1.3835250000000003,2023-02-19 19:33:32,3
443,Sydney,1.5072750000000001,2023-02-19 12:06:02,4
444,Mia,1.1038500000000002,2023-02-19 18:32:41,2
445,Tom,0.495,2023-02-19 15:22:18,5
446,Kasey,0.411675,2023-02-19 19:16:01,3
447,Claire,0.411675,2023-02-19 19:26:11,4
448,Mia,0.6591750000000001,2023-02-19 19:36:52,5
449,Tom,0.59235,2023-02-19 14:54:08,1
450,Madison,1.35135,2023-02-19 14:30:43,4
451,Luca,2.899875,2023-02-19 18:39:31,3
452,Liam,0.568425,2023-02-19 13:17:06,1
453,Jacob,1.0626000000000002,2023-02-19 14:06:11,5
454,Josh,0.568425,2023-02-19 13:45:25,3
455,Luca,1.9008000000000003,2023-02-19 14:48:33,6
456,Jacob,0.411675,2023-02-19 15:08:55,2
457,Bart,4.431075000000001,2023-02-19 20:50:03,2
458,Christian,0.6171000000000001,2023-02-19 18:15:23,4
459,Luca,0.5758500000000001,2023-02-19 13:11:12,4
460,Jacob,2.6268000000000002,2023-02-19 13:46:12,5
461,Lynda,0.7821,2023-02-19 19:55:25,4
462,Ashton,0.8563500000000001,2023-02-19 19:49:21,6
463,John,1.0626000000000002,2023-02-19 14:04:26,6
464,Josh,0.683925,2023-02-19 18:19:07,5
465,Liam,1.1038500000000002,2023-02-19 14:14:56,5
466,Sydney,3.8626500000000004,2023-02-19 18:18:56,5
467,Noah,1.13685,2023-02-19 14:40:44,6
468,Lillian,5.296500000000002,2023-02-19 13:08:30,2
469,Noah,1.0296,2023-02-19 13:43:43,5
470,Marilyn,2.7670500000000002,2023-02-19 13:27:31,4
471,Madison,1.5972,2023-02-19 18:38:29,3
472,Danny,1.1030250000000001,2023-02-19 19:04:11,3
473,Jacob,0.568425,2023-02-19 15:22:45,5
474,Charles,1.5650249999999999,2023-02-19 12:23:31,5
475,James,0.683925,2023-02-19 15:01:45,1
476,Apollo,1.1038500000000002,2023-02-19 19:56:05,6
477,Tom,1.0791,2023-02-19 20:23:03,5
478,Danny,0.147675,2023-02-19 20:35:35,2
479,Thomas,2.2910250000000003,2023-02-19 12:56:34,1
480,Sydney,0.87285,2023-02-19 12:41:04,6
481,Lynda,0.626175,2023-02-19 19:46:55,2
482,Sydney,0.34485,2023-02-19 20:18:13,5
483,Madison,0.6921750000000001,2023-02-19 13:11:14,5
484,James,1.878525,2023-02-19 11:32:04,2
485,Bart,2.913900000000001,2023-02-19 20:30:17,1
486,Ted,1.063425,2023-02-19 11:56:56,6
487,Amelia,1.3843500000000002,2023-02-19 17:28:48,3
488,John,1.7539500000000001,2023-02-19 20:21:58,3
489,James,0.411675,2023-02-19 18:27:37,1
490,Hazel,0.6921750000000001,2023-02-19 17:37:28,5
491,Claire,1.187175,2023-02-19 12:17:35,3
492,Christian,2.957625,2023-02-19 18:11:22,1
493,George,3.8874000000000004,2023-02-19 19:07:38,2
494,Christian,0.568425,2023-02-19 17:53:44,2
495,Nathan,0.180675,2023-02-19 13:04:08,2
496,Liam,2.437875,2023-02-19 18:36:47,2
497,Amelia,0.7325999999999999,2023-02-19 13:38:09,1
498,Ted,1.3183500000000001,2023-02-19 11:08:09,6
499,Mia,0.947925,2023-02-19 18:02:17,2
500,Christian,1.9527750000000001,2023-02-19 12:37:02,4
501,Ashton,1.730025,2023-02-19 13:28:30,2
502,John,1.0791000000000002,2023-02-19 20:08:24,2
503,Jacob,0.411675,2023-02-19 16:17:06,2
504,Mia,0.675675,2023-02-19 14:46:37,4
505,Christian,4.835325000000001,2023-02-19 11:16:38,3
506,Sydney,3.5153250000000003,2023-02-19 16:34:33,5
507,Lynda,1.259775,2023-02-19 14:39:46,3
508,Claire,4.480575000000001,2023-02-19 17:14:50,1
509,Noah,1.3505249999999998,2023-02-19 18:17:02,6
510,Apollo,1.4495250000000002,2023-02-19 18:16:20,3
511,George,1.3761,2023-02-19 13:14:56,3
512,Marilyn,0.8646,2023-02-19 18:46:38,6
513,Mia,4.685175000000001,2023-02-19 13:42:28,6
514,Noah,4.407150000000001,2023-02-19 20:56:55,1
515,Luca,1.2606000000000002,2023-02-19 16:30:10,2
516,Franklin,2.1755250000000004,2023-02-19 13:12:21,6
517,Marilyn,0.6921750000000001,2023-02-19 19:52:21,3
518,Ashton,0.495,2023-02-19 19:03:53,3
519,Noah,0.6921750000000001,2023-02-19 13:17:08,5
520,Lillian,5.4516,2023-02-20 19:16:23,5
521,Lynda,1.1038500000000002,2023-02-20 11:22:45,3
522,Charles,0.7821,2023-02-20 20:46:35,3
523,Mia,2.7761250000000004,2023-02-20 12:39:01,5
524,Ted,1.0296,2023-02-20 10:11:22,1
525,Jacob,0.6921750000000001,2023-02-20 18:24:51,4
526,Noah,0.5758500000000001,2023-02-20 19:45:00,3
527,James,1.1038500000000002,2023-02-20 12:14:40,3
528,Lynda,0.7325999999999999,2023-02-20 12:06:19,5
529,Jacob,2.19945,2023-02-20 18:17:46,4
530,Mia,4.051575000000001,2023-02-20 13:38:34,6
531,John,0.568425,2023-02-20 14:08:37,1
532,Josh,0.411675,2023-02-20 19:50:36,2
533,Apollo,3.2628749999999997,2023-02-20 10:03:43,6
534,James,0.906675,2023-02-20 11:29:10,5
535,George,0.95535,2023-02-20 17:10:30,1
536,Charles,0.411675,2023-02-20 12:21:49,4
537,Marilyn,1.9684500000000003,2023-02-20 18:28:10,3
538,George,1.6797,2023-02-20 21:00:42,2
539,Noah,0.495,2023-02-20 19:31:02,5
540,Ted,1.2606000000000002,2023-02-20 13:25:31,2
541,Bart,1.1038500000000002,2023-02-20 18:13:07,4
542,Madison,1.7960250000000004,2023-02-20 10:09:58,2
543,Danny,3.7644750000000005,2023-02-20 19:47:53,4
544,Marilyn,0.6921750000000001,2023-02-20 17:15:37,4
545,Claire,0.82335,2023-02-20 18:08:40,2
546,Apollo,1.0626000000000002,2023-02-20 17:45:25,3
547,Tom,0.32835000000000003,2023-02-20 10:34:56,5
548,John,1.8711,2023-02-20 13:42:11,4
549,Luca,1.7622,2023-02-20 19:33:39,1
550,Madison,4.89225,2023-02-20 15:39:03,1
551,James,0.683925,2023-02-20 14:35:07,6
552,Lynda,1.2845250000000001,2023-02-20 17:11:35,6
553,Josh,5.494500000000001,2023-02-20 17:03:20,6
554,Ted,0.411675,2023-02-20 18:31:31,2
555,Kasey,0.6921750000000001,2023-02-20 10:02:08,2
556,John,0.568425,2023-02-20 17:36:30,1
557,George,1.2606000000000002,2023-02-20 20:04:30,4
558,Claire,5.4681000000000015,2023-02-20 13:29:11,2
559,John,0.495,2023-02-20 20:10:29,6
560,Claire,0.411675,2023-02-20 13:25:55,5
561,Charles,2.3562,2023-02-20 16:45:38,6
562,George,2.8652250000000006,2023-02-20 11:07:03,5
563,Bart,1.3505250000000002,2023-02-20 20:53:39,2
564,Noah,0.93885,2023-02-20 20:12:23,3
565,Marilyn,5.346,2023-02-20 11:50:20,4
566,Ted,4.340325,2023-02-20 17:55:39,5
567,Apollo,1.1946,2023-02-20 11:48:56,6
568,Marilyn,1.3761,2023-02-20 12:41:42,1
569,Charles,1.9932000000000003,2023-02-20 19:32:19,3
570,Christian,1.1946,2023-02-20 11:03:01,3
571,Charles,0.568425,2023-02-20 19:04:19,5
572,Jacob,0.5511,2023-02-20 10:16:14,5
573,Madison,1.3752750000000002,2023-02-20 16:27:42,4
574,James,0.411675,2023-02-20 19:25:05,4
575,Charles,1.187175,2023-02-20 18:55:08,4
576,John,2.9073,2023-02-20 19:15:58,4
577,Nathan,1.02135,2023-02-20 17:39:02,6
578,Thomas,1.5988500000000003,2023-02-20 17:09:09,3
579,Marilyn,0.568425,2023-02-20 13:02:31,5
580,Jacob,0.79035,2023-02-20 13:22:12,6
581,Madison,4.91865,2023-02-20 11:19:13,3
582,Marilyn,0.906675,2023-02-20 20:13:52,5
583,Danny,0.9966,2023-02-20 11:29:49,6
584,Bart,1.053525,2023-02-20 12:21:12,3
585,Lynda,0.8315999999999999,2023-02-20 17:03:09,3
586,Hazel,0.626175,2023-02-20 13:13:53,1
587,Liam,1.3835250000000003,2023-02-20 10:21:08,1
588,Kasey,0.7416750000000001,2023-02-20 13:41:35,5
589,Tom,1.259775,2023-02-20 17:06:34,1
590,Lillian,1.7292,2023-02-20 20:56:33,4
591,Jacob,0.683925,2023-02-20 10:02:12,4
592,Noah,1.9767,2023-02-20 21:35:48,6
593,Danny,3.459225,2023-02-20 19:40:53,4
594,Lynda,1.0378500000000002,2023-02-20 17:55:03,6
595,Jacob,0.8654250000000001,2023-02-20 18:58:14,5
596,Ted,0.683925,2023-02-20 19:05:19,2
597,James,2.41395,2023-02-20 19:40:15,3
598,Sydney,3.1548000000000003,2023-02-20 20:23:56,6
599,Apollo,0.7821,2023-02-20 12:24:35,1
600,George,0.906675,2023-02-20 11:18:23,4
601,Claire,0.37042500000000006,2023-02-20 11:34:16,4
602,Franklin,1.18635,2023-02-20 11:12:06,6
603,John,0.411675,2023-02-20 12:49:31,1
604,Franklin,0.6921750000000001,2023-02-20 18:26:02,2
605,Hazel,0.5676000000000001,2023-02-20 12:09:17,2
606,Nathan,0.7416750000000001,2023-02-20 12:13:39,5
607,Marilyn,1.02135,2023-02-20 19:46:23,3
608,Liam,0.5511,2023-02-20 18:17:45,2
609,Liam,0.7416750000000001,2023-02-20 11:27:08,2
610,James,0.9801,2023-02-20 13:24:58,6
611,Nathan,0.683925,2023-02-20 21:18:56,1
612,Nathan,1.1038500000000002,2023-02-20 19:33:01,4
613,Christian,0.6921750000000001,2023-02-20 12:17:47,5
614,Ted,2.9303999999999997,2023-02-20 12:55:45,6
615,Ted,0.5758500000000001,2023-02-20 20:53:21,4
616,Thomas,3.8057250000000002,2023-02-20 13:05:31,2
617,Josh,0.411675,2023-02-20 15:50:17,6
618,Madison,1.18635,2023-02-20 13:52:06,4
619,Jacob,1.3843500000000002,2023-02-20 20:10:58,5
620,Josh,0.16417500000000002,2023-02-20 14:38:19,4
621,Mia,0.8555250000000001,2023-02-20 19:45:07,3
622,Sydney,0.626175,2023-02-20 15:16:42,1
623,Noah,4.660425,2023-02-20 12:50:48,4
624,Luca,0.626175,2023-02-20 10:24:56,5
625,Kasey,0.8315999999999999,2023-02-20 18:28:26,2
626,Noah,4.348575000000001,2023-02-20 17:45:15,5
627,Luca,1.0378500000000002,2023-02-20 12:25:23,2
628,George,0.82335,2023-02-20 12:30:51,5
629,James,1.9775250000000002,2023-02-20 18:46:05,3
630,Claire,0.626175,2023-02-20 15:38:43,3
631,Grover,0.8390250000000001,2023-02-20 13:08:24,4
632,Charles,0.495,2023-02-20 13:51:32,6
633,Grover,1.6805249999999998,2023-02-20 19:01:40,4
634,Amelia,0.59235,2023-02-20 12:25:14,6
635,Kasey,0.568425,2023-02-20 15:01:42,4
636,Ashton,1.251525,2023-02-20 12:46:48,3
637,Mia,1.3843500000000002,2023-02-20 12:27:57,6
638,Charles,4.562250000000001,2023-02-20 19:09:43,1
639,Lillian,1.3761,2023-02-20 11:07:04,5
640,Franklin,1.037025,2023-02-20 18:53:03,1
641,Amelia,0.9801,2023-02-20 12:15:53,2
642,Josh,1.0791000000000002,2023-02-20 19:04:41,6
643,Charles,0.6913500000000001,2023-02-20 13:18:03,6
644,Ted,1.9932,2023-02-20 12:30:02,3
645,Claire,0.180675,2023-02-20 19:11:43,2
646,Hazel,0.87285,2023-02-20 18:13:38,4
647,Lynda,0.6921750000000001,2023-02-20 19:07:17,6
648,Liam,2.241525,2023-02-20 12:03:30,5
649,Luca,1.317525,2023-02-20 12:56:52,2
650,Josh,5.346,2023-02-20 12:21:46,6
651,Thomas,1.187175,2023-02-20 18:48:22,5
652,Hazel,0.180675,2023-02-20 13:08:15,5
653,George,1.1030250000000001,2023-02-20 20:35:39,5
654,Charles,0.411675,2023-02-20 18:38:37,3
655,Lillian,0.6921750000000001,2023-02-20 13:35:51,2
656,Sydney,0.5511,2023-02-20 11:55:01,1
657,John,0.5676000000000001,2023-02-20 12:57:18,2
658,Charles,0.495,2023-02-20 14:17:46,2
659,Josh,0.6921750000000001,2023-02-20 12:16:12,2
660,Nathan,1.0626000000000002,2023-02-20 12:46:33,3
661,Ashton,0.5511,2023-02-20 19:16:31,2
662,Danny,0.180675,2023-02-20 12:55:24,5
663,Franklin,1.3835250000000003,2023-02-20 19:11:08,6
664,Madison,1.6962000000000004,2023-02-20 17:43:08,2
665,Hazel,1.2606000000000002,2023-02-20 14:30:46,6
666,Mia,4.5878250000000005,2023-02-20 12:35:45,5
667,Lynda,1.0626000000000002,2023-02-20 21:02:12,4
668,Kasey,0.495,2023-02-20 20:03:12,3
669,Nathan,0.147675,2023-02-20 12:04:13,1
670,Lynda,0.16417500000000002,2023-02-20 18:46:21,3
671,Marilyn,1.6632,2023-02-20 16:23:28,4
672,James,0.6913500000000001,2023-02-20 19:16:47,5
673,Mia,4.909575,2023-02-20 10:01:28,4
674,Kasey,0.8819250000000002,2023-02-20 21:15:51,2
675,Jacob,0.8563500000000001,2023-02-20 19:49:06,4
676,Franklin,0.8563500000000001,2023-02-20 13:40:11,1
677,Claire,1.2606000000000002,2023-02-20 13:11:26,5
678,Claire,3.0723000000000003,2023-02-20 11:19:41,5
679,Danny,1.0956,2023-02-20 11:28:37,5
680,Ted,2.0682750000000003,2023-02-20 18:55:20,1
681,Franklin,1.1946,2023-02-20 17:09:48,6
682,Marilyn,0.37042500000000006,2023-02-20 11:30:28,4
683,James,0.568425,2023-02-20 13:40:44,4
684,Tom,0.9801,2023-02-20 20:41:30,4
685,Claire,0.37042500000000006,2023-02-20 19:01:30,4
686,Sydney,1.6475250000000004,2023-02-20 18:05:41,5
687,Lillian,0.568425,2023-02-20 12:09:07,5
688,Sydney,3.5004750000000002,2023-02-20 11:18:39,1
689,Danny,5.402925000000001,2023-02-20 15:08:54,1
690,Amelia,1.1030250000000001,2023-02-20 17:12:14,1
691,Lillian,0.626175,2023-02-20 18:14:31,1
692,Lillian,2.97495,2023-02-20 19:27:20,4
693,Madison,1.0378500000000002,2023-02-20 19:55:02,6
694,Danny,3.178725,2023-02-20 11:41:37,2
695,Luca,3.5334750000000006,2023-02-20 18:10:48,1
696,Sydney,5.906175,2023-02-20 19:43:10,4
697,George,0.7161,2023-02-20 19:06:06,3
698,John,0.411675,2023-02-20 21:19:26,4
699,Franklin,0.683925,2023-02-20 20:20:40,5
700,George,0.34485,2023-02-20 17:56:21,3
701,Danny,0.6921750000000001,2023-02-20 12:58:39,5
702,Ted,0.495,2023-02-20 14:13:47,4
703,Hazel,0.6921750000000001,2023-02-20 11:18:33,3
704,Mia,2.4552,2023-02-20 11:00:54,4
705,Noah,0.568425,2023-02-20 19:10:47,4
706,Amelia,0.180675,2023-02-20 17:11:24,1
707,Jacob,0.626175,2023-02-20 21:15:40,2
708,Madison,0.3869250000000001,2023-02-20 20:05:53,3
709,James,0.83985,2023-02-20 15:28:46,1
710,Ashton,0.6921750000000001,2023-02-20 18:33:35,6
711,Thomas,4.224000000000001,2023-02-20 18:25:47,2
712,Sydney,0.55935,2023-02-20 11:24:14,6
713,Claire,1.25235,2023-02-20 17:13:56,3
714,Ted,0.568425,2023-02-20 14:29:10,4
715,Liam,0.80685,2023-02-20 19:14:38,4
716,Josh,0.180675,2023-02-20 13:46:18,5
717,Jacob,1.063425,2023-02-20 11:37:52,6
718,Kasey,2.3727,2023-02-20 11:03:24,3
719,Lillian,3.46665,2023-02-20 19:43:31,3
720,Apollo,0.6921750000000001,2023-02-20 11:56:23,3
721,Claire,2.6441250000000003,2023-02-20 20:40:46,1
722,Thomas,1.063425,2023-02-20 12:02:05,1
723,Christian,0.180675,2023-02-20 18:12:01,6
724,James,0.6921750000000001,2023-02-20 19:15:25,6
725,Marilyn,2.1747000000000005,2023-02-20 10:39:21,4
726,Madison,2.1169499999999997,2023-02-20 18:01:13,2
727,Franklin,0.411675,2023-02-20 21:15:23,6
728,John,0.626175,2023-02-20 21:05:09,2
729,Noah,2.1747,2023-02-20 11:55:43,5
730,Franklin,0.568425,2023-02-20 12:18:20,5
731,Ashton,1.1946,2023-02-20 19:06:42,4
732,Lillian,0.8563500000000001,2023-02-20 20:56:16,5
733,Claire,0.906675,2023-02-20 15:16:25,5
734,Thomas,0.683925,2023-02-20 16:58:15,3
735,Ashton,3.8956500000000007,2023-02-20 13:40:29,1
736,Madison,0.16417500000000002,2023-02-20 11:07:21,4
737,Thomas,0.6921750000000001,2023-02-20 16:36:52,5
738,Franklin,1.4899500000000003,2023-02-20 11:26:41,2
739,Bart,1.3761,2023-02-20 19:51:55,5
740,Nathan,0.16417500000000002,2023-02-20 18:10:45,1
741,Mia,0.80685,2023-02-20 12:36:00,1
742,Kasey,0.7491,2023-02-20 10:15:16,2
743,Ted,0.7821,2023-02-20 17:37:26,1
744,George,0.568425,2023-02-20 12:58:46,2
745,Charles,0.452925,2023-02-20 18:07:21,4
746,Sydney,1.3183500000000001,2023-02-20 21:36:01,4
747,Franklin,1.3752750000000002,2023-02-20 19:47:37,1
748,Ted,1.447875,2023-02-20 20:37:25,6
749,Charles,1.08735,2023-02-20 13:32:02,6
750,Ashton,0.8819250000000002,2023-02-20 18:31:29,3
751,Mia,0.16417500000000002,2023-02-20 18:49:38,2
752,Tom,1.1038500000000002,2023-02-20 18:53:10,1
753,Apollo,1.08735,2023-02-20 13:13:01,1
754,George,2.5855500000000005,2023-02-20 11:28:41,4
755,James,0.8654250000000001,2023-02-20 19:15:14,3
756,Madison,2.223375,2023-02-20 19:21:34,2
757,Amelia,4.274325,2023-02-20 12:04:15,1
758,Josh,3.3198000000000003,2023-02-20 15:56:28,5
759,Claire,0.568425,2023-02-20 15:19:20,6
760,Bart,0.16417500000000002,2023-02-20 11:47:55,6
761,Josh,1.05435,2023-02-20 18:23:16,1
762,Apollo,0.3869250000000001,2023-02-20 11:40:12,2
763,Amelia,1.2606000000000002,2023-02-20 17:19:12,3
764,John,3.38415,2023-02-20 12:39:21,5
765,Sydney,1.178925,2023-02-20 18:16:46,4
766,Sydney,1.2771000000000001,2023-02-20 20:05:10,5
767,Josh,0.16417500000000002,2023-02-20 19:10:15,1
768,Thomas,0.568425,2023-02-20 11:35:52,5
769,Christian,0.7325999999999999,2023-02-20 21:35:00,6
770,Marilyn,2.3149500000000005,2023-02-20 21:56:04,2
771,Mia,1.1038500000000002,2023-02-20 12:54:35,2
772,Grover,0.36135,2023-02-20 11:08:12,6
773,Ashton,1.1038500000000002,2023-02-20 11:33:56,1
774,Mia,1.1038500000000002,2023-02-20 12:47:03,3
775,Danny,2.272875,2023-02-20 19:36:02,6
776,Lillian,1.96845,2023-02-20 19:22:01,6
777,Luca,1.3752750000000002,2023-02-20 11:44:16,4
778,Danny,0.3869250000000001,2023-02-20 19:12:46,2
779,Bart,2.5533750000000004,2023-02-20 12:57:49,1
780,Bart,0.626175,2023-02-20 18:34:08,6
781,Luca,0.6921750000000001,2023-02-20 10:49:09,2
782,Luca,4.647225000000001,2023-02-20 19:37:26,5
783,Bart,0.59235,2023-02-20 20:45:58,5
784,Madison,3.2595750000000008,2023-02-20 15:56:34,5
785,Mia,1.063425,2023-02-20 11:21:20,1
786,Josh,0.16417500000000002,2023-02-20 11:39:19,2
787,Lillian,4.125825000000002,2023-02-20 18:03:32,4
788,Amelia,0.7821,2023-02-20 19:25:25,3
789,Bart,0.3869250000000001,2023-02-20 18:20:56,5
790,Amelia,0.9801,2023-02-20 12:15:38,3
791,Madison,1.83645,2023-02-20 19:51:17,5
792,Franklin,0.9801,2023-02-20 21:33:26,5
793,Lillian,2.7357,2023-02-20 21:31:43,4
794,Thomas,2.5789500000000003,2023-02-20 12:42:45,4
795,Jacob,1.1030250000000001,2023-02-20 10:45:21,2
796,Mia,2.0674500000000005,2023-02-20 19:03:05,5
797,Amelia,4.085400000000001,2023-02-20 12:53:41,6
798,Christian,0.80685,2023-02-20 19:52:02,6
799,Lynda,0.7491,2023-02-20 19:38:44,6
800,Charles,4.315575000000001,2023-02-20 10:25:23,1
801,Amelia,3.9038999999999997,2023-02-20 19:00:41,4
802,Josh,2.58555,2023-02-20 20:46:05,2
803,Ashton,2.9238,2023-02-20 14:34:56,1
804,George,4.992900000000001,2023-02-20 15:26:32,1
805,Danny,4.183575,2023-02-20 19:31:58,3
806,Nathan,1.1038500000000002,2023-02-20 19:09:28,6
807,James,0.9801,2023-02-20 17:46:31,1
808,Lynda,0.568425,2023-02-20 19:07:03,2
809,Franklin,3.5343000000000004,2023-02-20 11:10:45,3
810,Marilyn,0.87285,2023-02-20 19:17:15,2
811,Luca,0.7416750000000001,2023-02-20 19:08:35,6
812,Grover,1.9354500000000001,2023-02-20 21:11:00,1
813,Kasey,1.9107,2023-02-20 14:08:04,4
814,James,0.411675,2023-02-20 12:22:09,2
815,Marilyn,3.51615,2023-02-20 11:05:55,2
816,Thomas,2.29845,2023-02-20 20:23:28,6
817,Christian,4.1423250000000005,2023-02-20 17:31:25,2
818,Ted,2.2407000000000004,2023-02-20 19:44:36,2
819,Hazel,0.411675,2023-02-20 17:42:13,5
820,George,1.2606000000000002,2023-02-20 17:03:30,1
821,Claire,1.3183500000000001,2023-02-20 19:26:09,6
822,Madison,4.1423250000000005,2023-02-20 12:27:22,4
823,George,0.82335,2023-02-20 18:14:53,1
824,Jacob,2.5690500000000003,2023-02-20 12:08:52,5
825,Jacob,0.16417500000000002,2023-02-20 18:37:22,5
826,Bart,1.0378500000000002,2023-02-20 20:18:10,6
827,Noah,2.6837250000000004,2023-02-20 17:28:57,3
828,Bart,4.0028999999999995,2023-02-20 18:43:09,3
829,Ashton,0.9801,2023-02-20 13:29:54,5
830,Bart,1.1038500000000002,2023-02-20 19:47:33,4
831,John,0.411675,2023-02-20 18:37:35,6
832,Mia,0.93885,2023-02-20 15:22:51,5
833,Grover,0.59235,2023-02-20 13:14:47,3
834,George,1.235025,2023-02-20 11:02:32,3
835,John,1.67145,2023-02-20 18:46:13,1
836,George,0.568425,2023-02-20 18:39:25,1
837,Lynda,0.16417500000000002,2023-02-20 19:49:49,5
838,James,0.411675,2023-02-20 18:37:24,4
839,Ashton,1.87935,2023-02-20 12:40:51,6
840,Marilyn,0.626175,2023-02-20 20:20:39,5
841,Claire,1.25235,2023-02-20 19:43:38,2
842,Charles,0.80685,2023-02-20 19:55:31,4
843,Lillian,1.3843500000000002,2023-02-20 19:17:01,4
844,Ted,5.288250000000001,2023-02-20 20:08:51,3
845,Mia,0.411675,2023-02-20 12:16:33,6
846,Thomas,0.180675,2023-02-20 20:39:53,3
847,Thomas,0.6921750000000001,2023-02-20 19:33:09,4
848,Liam,0.5346000000000001,2023-02-20 12:53:11,1
849,John,1.5402750000000003,2023-02-20 11:41:52,1
850,Kasey,0.568425,2023-02-20 21:34:49,2
851,Christian,0.452925,2023-02-20 18:51:56,1
852,Charles,2.6746500000000006,2023-02-20 11:09:42,2
853,Madison,3.9616499999999997,2023-02-20 12:07:48,4
854,Noah,4.084575000000001,2023-02-20 16:31:56,4
855,Bart,0.82335,2023-02-20 20:13:24,6
856,Hazel,0.7821,2023-02-20 18:51:34,1
857,John,0.34485,2023-02-20 13:09:55,2
858,Kasey,1.7952000000000001,2023-02-20 17:23:16,5
859,Noah,3.4749000000000003,2023-02-20 20:07:45,4
860,Claire,0.568425,2023-02-20 11:00:21,2
861,Lynda,1.3761,2023-02-20 19:40:53,6
862,Lillian,4.7685,2023-02-20 11:18:09,1
863,Thomas,1.187175,2023-02-20 17:45:06,1
864,Nathan,1.5815250000000003,2023-02-20 19:09:04,4
865,Ted,5.468925,2023-02-20 20:37:21,6
866,Grover,1.6401000000000003,2023-02-20 12:37:42,3
867,Mia,4.1019000000000005,2023-02-20 19:41:13,5
868,Danny,0.411675,2023-02-20 19:55:48,5
869,Christian,3.3610500000000005,2023-02-20 12:44:18,1
870,Kasey,0.8645999999999999,2023-02-20 12:23:54,3
871,Mia,0.411675,2023-02-20 16:50:28,1
872,Josh,0.6921750000000001,2023-02-20 12:09:37,6
873,Tom,0.6591750000000001,2023-02-20 21:42:14,4
874,Lillian,1.9272,2023-02-20 19:58:09,5
875,Josh,1.36785,2023-02-20 19:36:40,1
876,Kasey,0.6913500000000001,2023-02-20 17:44:06,3
877,Apollo,1.4751000000000003,2023-02-20 18:01:20,6
878,James,0.495,2023-02-20 14:33:51,4
879,Hazel,0.59235,2023-02-20 13:48:04,1
880,Josh,2.840475,2023-02-20 18:45:10,5
881,Thomas,1.6392750000000003,2023-02-20 12:24:00,5
882,Claire,0.411675,2023-02-20 18:45:29,5
883,Liam,0.6921750000000001,2023-02-20 20:28:12,6
884,Hazel,0.683925,2023-02-20 20:11:25,1
885,Ted,0.411675,2023-02-20 19:00:20,5
886,Grover,1.1038500000000002,2023-02-20 11:21:15,2
887,Josh,4.604325,2023-02-20 12:14:29,6
888,Lillian,1.3513500000000003,2023-02-20 20:07:02,5
889,Charles,0.495,2023-02-20 19:57:40,1
890,Marilyn,1.3843500000000002,2023-02-20 12:22:51,6
891,Lynda,1.07085,2023-02-20 19:25:17,5
892,Liam,0.8563500000000001,2023-02-20 17:44:06,3
893,Charles,2.0592,2023-02-20 19:32:00,5
894,Lillian,0.411675,2023-02-20 12:18:06,1
895,Noah,1.2606000000000002,2023-02-20 12:04:37,1
896,Lynda,4.4574750000000005,2023-02-20 11:24:27,1
897,Amelia,3.7488000000000006,2023-02-20 19:04:27,2
898,Grover,0.82335,2023-02-20 18:28:31,5
899,Charles,3.3858,2023-02-20 11:45:43,4
900,Amelia,3.9294750000000005,2023-02-20 15:56:20,1
901,Ashton,0.59235,2023-02-20 18:44:48,3
902,Liam,4.892250000000001,2023-02-20 19:34:13,4
903,Hazel,4.158825,2023-02-20 11:12:50,3
904,Grover,0.37042500000000006,2023-02-20 10:34:28,1
905,Lynda,0.411675,2023-02-20 20:37:22,5
906,Amelia,2.8495500000000007,2023-02-20 12:27:26,4
907,Apollo,0.16417500000000002,2023-02-20 20:41:40,3
908,Charles,2.454375,2023-02-20 11:08:25,4
909,Lillian,0.6921750000000001,2023-02-20 15:17:12,4
910,Josh,0.6913500000000001,2023-02-20 11:07:16,1
911,John,2.759625,2023-02-20 19:35:10,6
912,Apollo,5.222250000000001,2023-02-20 19:14:17,5
913,Grover,0.568425,2023-02-20 11:43:27,6
914,Amelia,2.503875,2023-02-20 20:09:54,3
915,Sydney,0.568425,2023-02-20 20:00:04,1
916,Apollo,1.187175,2023-02-20 11:54:26,6
917,Liam,0.8563500000000001,2023-02-20 12:52:05,3
918,Noah,0.411675,2023-02-20 21:31:11,3
919,Grover,0.6921750000000001,2023-02-20 17:15:34,4
920,Danny,1.7556000000000003,2023-02-20 11:53:22,3
921,Nathan,5.445825000000001,2023-02-20 17:22:48,2
922,John,3.9459750000000002,2023-02-20 17:12:16,4
923,Bart,1.259775,2023-02-20 14:26:37,5
924,Claire,1.2606000000000002,2023-02-20 18:57:27,4
925,James,0.5758500000000001,2023-02-20 20:51:00,5
926,George,0.411675,2023-02-20 13:35:06,3
927,Madison,3.5673000000000004,2023-02-20 11:36:08,6
928,Mia,0.87285,2023-02-20 18:25:22,4
929,Josh,1.3761,2023-02-20 12:57:28,3
930,Ashton,2.5352250000000005,2023-02-20 11:02:33,6
931,Hazel,1.0626000000000002,2023-02-20 18:56:08,5
932,Nathan,0.3869250000000001,2023-02-20 13:09:31,5
933,Mia,0.5758500000000001,2023-02-20 20:33:05,1
934,Luca,0.5758500000000001,2023-02-20 14:45:34,3
935,Nathan,1.5972,2023-02-20 19:07:52,4
936,Amelia,0.568425,2023-02-20 13:50:33,5
937,Mia,0.411675,2023-02-20 20:22:45,3
938,Grover,0.675675,2023-02-20 17:24:21,2
939,Bart,2.4222,2023-02-20 17:10:55,2
940,Christian,2.5113,2023-02-20 10:44:28,2
941,Charles,4.1448,2023-02-20 13:47:23,3
942,Sydney,4.406325000000001,2023-02-20 15:44:55,1
943,Tom,3.5739,2023-02-20 19:27:50,6
944,George,5.9144250000000005,2023-02-20 14:26:33,1
945,Amelia,1.0378500000000002,2023-02-20 16:39:44,3
946,Sydney,1.2606000000000002,2023-02-20 20:32:05,1
947,James,2.4213750000000003,2023-02-20 19:53:44,3
948,Josh,2.8000500000000006,2023-02-20 13:49:56,3
949,Liam,1.4338500000000003,2023-02-20 11:26:19,3
950,Ashton,0.6913500000000001,2023-02-20 20:16:49,1
951,Nathan,1.0378500000000002,2023-02-20 13:44:49,5
952,Bart,0.93885,2023-02-20 20:47:09,6
953,Liam,1.6722750000000004,2023-02-20 12:26:50,4
954,Amelia,0.906675,2023-02-20 20:24:12,1
955,Nathan,0.495,2023-02-20 15:05:07,5
956,Lynda,0.411675,2023-02-20 17:20:16,6
957,Ted,1.548525,2023-02-20 18:03:38,5
958,Thomas,1.3505249999999998,2023-02-20 19:52:42,1
959,Grover,3.0137250000000004,2023-02-20 11:18:55,1
960,Liam,0.180675,2023-02-20 12:43:03,2
961,Josh,0.626175,2023-02-20 19:32:56,1
962,Lillian,0.6921750000000001,2023-02-20 20:45:35,2
963,Madison,3.6399,2023-02-20 19:51:48,5
964,John,2.060025,2023-02-20 11:12:24,6
965,Marilyn,1.2606000000000002,2023-02-20 11:09:08,1
966,Ted,1.1030250000000001,2023-02-20 11:15:10,6
967,James,0.568425,2023-02-20 17:55:49,1
968,Christian,1.1038500000000002,2023-02-20 17:29:40,1
969,Ted,1.1607750000000001,2023-02-20 11:46:23,4
970,Liam,4.3576500000000005,2023-02-20 18:22:00,4
971,Ashton,0.675675,2023-02-20 18:21:39,4
972,Franklin,0.7821,2023-02-20 18:06:20,5
973,John,0.7821,2023-02-20 20:10:48,1
974,Lillian,0.79035,2023-02-20 19:58:02,3
975,Noah,0.411675,2023-02-20 13:25:58,1
976,James,2.4791250000000007,2023-02-20 11:28:40,6
977,Ashton,1.730025,2023-02-20 19:30:50,3
978,Danny,0.6591750000000001,2023-02-20 18:08:19,3
979,Nathan,1.0626000000000002,2023-02-20 13:54:12,5
980,Hazel,0.59235,2023-02-20 11:21:22,4
981,Amelia,0.37042500000000006,2023-02-20 19:42:43,3
982,Charles,1.8290250000000001,2023-02-20 12:02:42,6
983,Charles,0.8563500000000001,2023-02-20 21:44:06,5
984,Luca,0.411675,2023-02-20 11:16:43,5
985,Danny,0.55935,2023-02-20 11:22:08,2
986,Ashton,4.4723250000000005,2023-02-20 18:37:45,1
987,Noah,1.546875,2023-02-20 12:09:26,1
988,Luca,0.87285,2023-02-20 18:18:14,6
989,Jacob,0.5511,2023-02-20 19:29:42,3
990,Lillian,0.8563500000000001,2023-02-20 18:12:00,5
991,Grover,2.9799000000000007,2023-02-20 21:47:52,1
992,Jacob,0.7325999999999999,2023-02-20 18:22:22,4
993,Jacob,0.5346000000000001,2023-02-20 12:42:02,6
994,Claire,1.0378500000000002,2023-02-20 19:15:45,4
995,Noah,0.568425,2023-02-20 16:26:20,1
996,Josh,1.0956,2023-02-20 19:58:43,1
997,Noah,1.3835250000000003,2023-02-20 18:23:10,2
998,Grover,0.683925,2023-02-20 19:03:35,6
999,Nathan,1.0296,2023-02-20 19:40:36,5
1000,Mia,1.7960250000000004,2023-02-20 18:39:25,3
1001,Charles,1.063425,2023-02-20 12:26:17,6
1002,Luca,0.16417500000000002,2023-02-20 19:35:23,1
1003,Sydney,1.259775,2023-02-20 19:08:35,2
1004,Liam,1.1038500000000002,2023-02-20 18:46:24,6
1005,Grover,0.675675,2023-02-20 20:08:25,5
1006,James,0.452925,2023-02-20 19:34:16,5
1007,Charles,0.180675,2023-02-20 13:37:00,4
1008,Nathan,1.4404500000000002,2023-02-20 12:34:49,3
1009,Claire,0.6921750000000001,2023-02-20 16:55:45,6
1010,Josh,0.6921750000000001,2023-02-20 19:49:54,1
1011,Lynda,0.411675,2023-02-20 19:28:52,5
1012,Luca,4.925250000000001,2023-02-20 14:16:55,4
1013,Ashton,2.6367000000000003,2023-02-20 19:30:56,2
1014,Claire,1.3183500000000001,2023-02-20 16:16:27,4
1015,Sydney,0.411675,2023-02-20 19:52:37,3
1016,Sydney,1.33485,2023-02-20 11:06:02,4
1017,Amelia,0.626175,2023-02-20 12:09:33,5
1018,Lynda,0.7821,2023-02-20 20:55:25,2
1019,Marilyn,5.0391,2023-02-20 20:21:31,3
1020,Mia,1.2606000000000002,2023-02-20 11:58:55,3
1021,Mia,0.411675,2023-02-20 12:06:54,1
1022,Madison,1.078275,2023-02-20 19:44:45,1
1023,Bart,1.187175,2023-02-20 12:58:03,1
1024,George,0.411675,2023-02-20 10:45:06,1
1025,Tom,1.078275,2023-02-20 18:03:03,5
1026,Hazel,0.568425,2023-02-20 12:14:34,3
1027,Kasey,2.3388750000000003,2023-02-20 20:28:56,2
1028,Danny,0.9801,2023-02-20 17:25:01,5
1029,Mia,1.7052750000000003,2023-02-20 18:49:12,2
1030,Christian,2.23245,2023-02-20 14:31:20,1
1031,Ted,4.7528250000000005,2023-02-20 12:40:54,2
1032,Amelia,1.9437000000000002,2023-02-20 11:23:12,5
1033,Marilyn,2.5764750000000003,2023-02-20 11:39:33,2
1034,Lynda,1.3678500000000002,2023-02-20 19:11:16,6
1035,Thomas,1.8447,2023-02-20 19:18:41,6
1036,Lynda,0.411675,2023-02-20 18:00:09,1
1037,Jacob,0.411675,2023-02-20 19:06:07,2
1038,Amelia,0.5758500000000001,2023-02-20 16:22:03,2
1039,Sydney,2.1260250000000003,2023-02-20 19:12:04,2
1040,John,1.7877750000000001,2023-02-20 20:28:41,6
1041,Grover,1.6549500000000004,2023-02-20 21:10:42,6
1042,Noah,0.6921750000000001,2023-02-20 10:35:06,3
1043,Kasey,1.13685,2023-02-20 12:03:08,4
1044,Noah,1.934625,2023-02-20 19:49:00,5
1045,Ted,1.045275,2023-02-20 19:57:55,6
1046,Nathan,0.411675,2023-02-20 14:04:50,4
1047,Charles,0.3869250000000001,2023-02-20 19:52:30,2
1048,Thomas,0.626175,2023-02-20 18:04:17,6
1049,Grover,2.8479000000000005,2023-02-20 19:42:08,3
1050,Nathan,0.82335,2023-02-20 12:26:02,5
1051,James,3.106125,2023-02-20 20:24:40,3
1052,Marilyn,1.911525,2023-02-20 20:41:24,4
1053,James,1.6392750000000003,2023-02-20 12:22:08,4
1054,Claire,2.3149500000000005,2023-02-20 21:24:11,1
1055,George,3.3288750000000005,2023-02-20 11:45:12,3
1056,Tom,0.16417500000000002,2023-02-20 19:38:14,2
1057,George,0.3869250000000001,2023-02-20 16:51:21,1
1058,Josh,0.411675,2023-02-20 14:54:53,6
1059,Apollo,3.5326499999999994,2023-02-20 19:19:38,6
1060,Noah,1.1038500000000002,2023-02-20 18:54:11,6
1061,Marilyn,0.6913500000000001,2023-02-20 19:24:53,5
1062,Charles,2.01795,2023-02-20 12:12:06,5
1063,Luca,2.2572,2023-02-20 13:53:17,4
1064,Grover,0.82335,2023-02-20 20:12:46,6
1065,Jacob,1.13685,2023-02-20 11:50:53,2
1066,Kasey,0.8646,2023-02-20 12:35:35,6
1067,Liam,2.612775,2023-02-20 12:05:27,3
1068,Amelia,1.4816999999999998,2023-02-20 19:36:45,2
1069,Christian,3.656400000000001,2023-02-20 11:43:37,2
1070,John,1.1038500000000002,2023-02-20 12:19:02,3
1071,Marilyn,0.9801,2023-02-21 13:58:34,4
1072,Sydney,1.063425,2023-02-21 19:13:32,5
1073,Noah,1.3761,2023-02-21 16:49:42,5
1074,Jacob,1.15335,2023-02-21 16:53:19,3
1075,Lynda,4.250400000000001,2023-02-21 20:23:20,5
1076,Liam,0.82335,2023-02-21 10:41:18,4
1077,Sydney,1.0956,2023-02-21 12:45:30,2
1078,Thomas,4.348575,2023-02-21 18:17:54,1
1079,Noah,0.82335,2023-02-21 19:23:02,6
1080,Mia,1.3752750000000002,2023-02-21 11:30:25,1
1081,Lynda,3.4188000000000005,2023-02-21 10:07:33,4
1082,Liam,1.4338500000000003,2023-02-21 20:06:33,6
1083,Franklin,0.411675,2023-02-21 19:32:47,6
1084,Josh,3.7801500000000003,2023-02-21 15:15:53,4
1085,Hazel,3.9294750000000005,2023-02-21 19:31:46,1
1086,Franklin,4.660425,2023-02-21 17:45:34,1
1087,Franklin,2.5517250000000002,2023-02-21 14:56:04,4
1088,Nathan,0.37042500000000006,2023-02-21 21:19:57,5
1089,George,1.3513500000000003,2023-02-21 19:58:12,2
1090,James,0.8645999999999999,2023-02-21 18:23:45,2
1091,Tom,0.8390250000000001,2023-02-21 17:52:07,2
1092,Lynda,0.568425,2023-02-21 19:28:15,2
1093,Thomas,1.1030250000000001,2023-02-21 20:50:42,4
1094,Franklin,1.259775,2023-02-21 11:44:42,2
1095,Grover,0.87285,2023-02-21 11:50:13,4
1096,Charles,0.5758500000000001,2023-02-21 20:45:09,3
1097,Amelia,3.8304749999999994,2023-02-21 18:08:26,3
1098,Madison,3.2851500000000007,2023-02-21 19:08:32,5
1099,George,3.5994750000000004,2023-02-21 20:14:44,1
1100,Grover,0.7325999999999999,2023-02-21 21:25:08,5
1101,Hazel,1.631025,2023-02-21 17:03:33,5
1102,Hazel,0.683925,2023-02-21 19:15:58,6
1103,Grover,0.495,2023-02-21 18:30:35,6
1104,Madison,3.31155,2023-02-21 19:18:22,4
1105,George,1.1030250000000001,2023-02-21 11:16:56,3
1106,Noah,1.3596000000000001,2023-02-21 14:11:13,6
1107,Bart,0.9801,2023-02-21 11:46:35,5
1108,Hazel,3.0566250000000004,2023-02-21 12:03:26,3
1109,Grover,0.6921750000000001,2023-02-21 19:42:05,5
1110,Apollo,1.5155250000000002,2023-02-21 19:58:23,2
1111,John,1.6962000000000004,2023-02-21 19:09:23,6
1112,Nathan,5.008575000000001,2023-02-21 11:40:17,5
1113,Amelia,2.7340500000000003,2023-02-21 17:39:30,3
1114,Jacob,3.987225,2023-02-21 16:55:22,2
1115,Tom,0.93885,2023-02-21 18:52:38,6
1116,Amelia,1.1038500000000002,2023-02-21 11:24:06,3
1117,Madison,0.6921750000000001,2023-02-21 12:42:08,3
1118,Ashton,0.411675,2023-02-21 20:11:13,2
1119,Danny,3.971550000000001,2023-02-21 19:52:27,1
1120,Lynda,1.7960250000000004,2023-02-21 13:15:24,2
1121,Amelia,3.4518000000000004,2023-02-21 19:37:03,4
1122,Christian,1.3917749999999998,2023-02-21 12:25:16,2
1123,Liam,0.6591750000000001,2023-02-21 19:12:58,2
1124,Sydney,1.3843500000000002,2023-02-21 10:09:20,2
1125,Marilyn,0.180675,2023-02-21 15:34:31,2
1126,Lillian,3.3783750000000006,2023-02-21 19:56:48,1
1127,James,1.4825249999999999,2023-02-21 19:12:25,3
1128,Hazel,5.642175,2023-02-21 11:04:24,3
1129,Bart,1.3101,2023-02-21 10:50:57,3
1130,Kasey,1.02135,2023-02-21 15:14:56,4
1131,Hazel,3.4402500000000003,2023-02-21 20:23:34,5
1132,Luca,0.6591750000000001,2023-02-21 10:01:29,3
1133,Kasey,2.0682750000000003,2023-02-21 13:43:36,2
1134,Danny,1.2837,2023-02-21 18:18:14,3
1135,Grover,4.917000000000001,2023-02-21 20:14:15,2
1136,Hazel,0.411675,2023-02-21 20:06:51,1
1137,Apollo,1.1451000000000002,2023-02-21 19:34:25,2
1138,Tom,3.7141500000000005,2023-02-21 12:02:29,1
1139,Charles,0.568425,2023-02-21 19:09:52,5
1140,John,0.568425,2023-02-21 11:45:15,4
1141,Liam,1.36785,2023-02-21 20:06:53,5
1142,Grover,2.637525,2023-02-21 13:01:40,3
1143,Ted,0.626175,2023-02-21 12:58:12,5
1144,Kasey,1.187175,2023-02-21 12:13:52,1
1145,Apollo,1.1946,2023-02-21 20:51:42,3
1146,Christian,1.3843500000000002,2023-02-21 18:29:54,4
1147,James,0.8563500000000001,2023-02-21 11:08:23,6
1148,Noah,3.0483750000000005,2023-02-21 19:53:05,2
1149,Franklin,0.6921750000000001,2023-02-21 11:51:01,5
1150,Sydney,1.9758750000000003,2023-02-21 18:56:05,1
1151,Kasey,1.7292,2023-02-21 17:47:05,4
1152,Marilyn,0.6921750000000001,2023-02-21 20:42:48,4
1153,Ashton,3.368475,2023-02-21 17:47:55,6
1154,Grover,0.3869250000000001,2023-02-21 18:37:32,4
1155,George,0.82335,2023-02-21 19:06:06,6
1156,Mia,0.683925,2023-02-21 18:45:03,6
1157,Madison,0.568425,2023-02-21 19:34:34,6
1158,Danny,0.93885,2023-02-21 13:09:27,2
1159,Madison,0.568425,2023-02-21 11:44:33,5
1160,George,0.8481,2023-02-21 21:11:45,4
1161,Lynda,1.9932,2023-02-21 13:46:02,5
1162,Kasey,1.317525,2023-02-21 18:11:58,4
1163,Luca,1.730025,2023-02-21 11:48:42,1
1164,Thomas,1.0956,2023-02-21 12:48:20,3
1165,Lynda,1.3843500000000002,2023-02-21 11:24:17,4
1166,Marilyn,5.5935,2023-02-21 19:37:49,3
1167,Lynda,1.0791000000000002,2023-02-21 19:10:16,3
1168,George,3.2777250000000007,2023-02-21 19:35:44,6
1169,Tom,3.39405,2023-02-21 14:53:10,3
1170,Kasey,0.7821,2023-02-21 19:07:58,3
1171,Claire,0.7325999999999999,2023-02-21 12:52:49,5
1172,Luca,1.28535,2023-02-21 13:29:45,4
1173,Charles,1.4907750000000002,2023-02-21 18:36:50,1
1174,Ashton,1.631025,2023-02-21 15:02:47,6
1175,Bart,0.6921750000000001,2023-02-21 18:04:58,6
1176,Lynda,3.7306500000000002,2023-02-21 20:19:10,1
1177,James,1.15335,2023-02-21 13:00:34,5
1178,Ted,0.9801,2023-02-21 17:14:47,3
1179,Madison,1.6797,2023-02-21 20:04:41,3
1180,Liam,1.2837,2023-02-21 11:40:35,2
1181,James,0.495,2023-02-21 18:07:41,6
1182,John,4.876575000000001,2023-02-21 13:50:25,4
1183,Sydney,0.411675,2023-02-21 10:19:11,6
1184,Lynda,0.180675,2023-02-21 13:26:24,1
1185,Noah,3.3429,2023-02-21 12:48:32,2
1186,Tom,1.5402750000000003,2023-02-21 19:11:02,3
1187,Apollo,3.8304750000000003,2023-02-21 11:13:52,4
1188,Grover,0.37042500000000006,2023-02-21 11:36:44,6
1189,Madison,1.144275,2023-02-21 16:47:02,4
1190,Franklin,0.180675,2023-02-21 12:35:20,3
1191,Madison,4.87575,2023-02-21 19:21:01,6
1192,Luca,1.0956,2023-02-21 17:19:05,5
1193,James,2.1912,2023-02-21 17:05:42,5
1194,Lynda,0.93885,2023-02-21 17:50:40,6
1195,Nathan,0.6913500000000001,2023-02-21 10:22:31,3
1196,Sydney,1.178925,2023-02-21 17:15:13,1
1197,Bart,1.078275,2023-02-21 11:28:58,6
1198,Hazel,0.6921750000000001,2023-02-21 11:32:58,5
1199,Luca,2.330625,2023-02-21 19:30:14,4
1200,Danny,0.7325999999999999,2023-02-21 11:00:42,4
1201,Luca,1.0791000000000002,2023-02-21 15:18:16,5
1202,Ashton,3.0698250000000002,2023-02-21 17:14:41,4
1203,Liam,1.0626000000000002,2023-02-21 12:43:19,4
1204,Christian,0.906675,2023-02-21 19:39:22,1
1205,Lillian,3.00795,2023-02-21 19:52:47,3
1206,Christian,0.947925,2023-02-21 11:26:47,6
1207,Christian,0.411675,2023-02-21 19:38:08,5
1208,Tom,1.2276,2023-02-21 19:58:42,1
1209,Claire,1.28535,2023-02-21 17:42:42,1
1210,Madison,0.6921750000000001,2023-02-21 12:15:30,3
1211,Ashton,5.6339250000000005,2023-02-21 12:30:46,4
1212,Josh,1.0378500000000002,2023-02-21 17:54:20,5
1213,Hazel,1.606275,2023-02-21 19:50:00,1
1214,Danny,3.4188000000000005,2023-02-21 14:54:33,4
1215,James,0.7325999999999999,2023-02-21 21:08:55,1
1216,Charles,2.19945,2023-02-21 12:07:56,5
1217,Kasey,4.6125750000000005,2023-02-21 19:45:50,3
1218,Claire,0.626175,2023-02-21 11:49:23,1
1219,James,1.3761,2023-02-21 11:52:56,4
1220,Franklin,1.36785,2023-02-21 17:41:36,4
1221,Josh,0.411675,2023-02-21 20:32:53,3
1222,Josh,1.4751000000000003,2023-02-21 11:31:07,2
1223,Luca,0.5676000000000001,2023-02-21 13:53:38,2
1224,Josh,0.80685,2023-02-21 12:17:00,6
1225,Mia,0.568425,2023-02-21 12:46:36,2
1226,Noah,2.9815500000000004,2023-02-21 14:05:12,6
1227,Nathan,0.79035,2023-02-21 19:45:05,1
1228,Danny,1.1946,2023-02-21 18:50:13,2
1229,George,1.187175,2023-02-21 12:19:07,2
1230,George,0.8563500000000001,2023-02-21 12:54:24,3
1231,Noah,0.411675,2023-02-21 19:27:09,2
1232,Thomas,0.411675,2023-02-21 20:14:53,5
1233,Franklin,0.6921750000000001,2023-02-21 19:45:12,3
1234,Ted,0.7491,2023-02-21 20:27:49,2
1235,Charles,0.82335,2023-02-21 18:26:33,6
1236,Christian,0.411675,2023-02-21 12:55:54,3
1237,Ted,0.9050250000000001,2023-02-21 10:03:36,2
1238,Bart,0.37042500000000006,2023-02-21 15:00:48,2
1239,Charles,4.4484,2023-02-21 17:15:16,6
1240,Ted,1.1451000000000002,2023-02-21 18:09:43,3
1241,Charles,0.3869250000000001,2023-02-21 15:41:48,5
1242,Lillian,1.18635,2023-02-21 12:46:30,1
1243,Christian,1.0626000000000002,2023-02-21 19:29:33,4
1244,Apollo,2.0682750000000003,2023-02-21 12:25:45,3
1245,Ashton,0.147675,2023-02-21 18:31:29,3
1246,Mia,1.1038500000000002,2023-02-21 20:49:24,1
1247,Amelia,5.0481750000000005,2023-02-21 12:57:03,4
1248,Mia,0.8819250000000002,2023-02-21 11:48:36,4
1249,Grover,0.93885,2023-02-21 11:17:27,1
1250,Ted,3.691050000000001,2023-02-21 15:17:15,6
1251,Lillian,0.626175,2023-02-21 20:12:14,3
1252,Grover,0.37042500000000006,2023-02-21 19:39:24,5
1253,Danny,1.187175,2023-02-21 18:40:35,6
1254,Tom,0.411675,2023-02-21 18:55:58,5
1255,Charles,1.951125,2023-02-21 19:30:07,6
1256,Tom,2.470875,2023-02-21 19:23:51,5
1257,Amelia,2.437875,2023-02-21 10:47:04,6
1258,Luca,5.232150000000001,2023-02-21 20:47:06,2
1259,Lillian,1.0617750000000001,2023-02-21 18:32:12,4
1260,Nathan,0.9801,2023-02-21 17:43:21,6
1261,Charles,0.9801,2023-02-21 12:26:55,1
1262,Josh,4.736325,2023-02-21 16:49:55,3
1263,Luca,0.87285,2023-02-21 19:41:49,1
1264,Liam,1.1030250000000001,2023-02-21 19:35:54,2
1265,Bart,1.3835250000000003,2023-02-21 21:51:08,4
1266,John,1.0626000000000002,2023-02-21 18:23:32,5
1267,Tom,1.1946,2023-02-21 20:46:26,6
1268,Charles,0.34485,2023-02-21 11:24:41,4
1269,Kasey,1.3761,2023-02-21 12:42:03,1
1270,Tom,4.860075,2023-02-21 15:37:44,1
1271,Jacob,1.977525,2023-02-21 15:20:35,1
1272,James,0.568425,2023-02-21 17:33:41,1
1273,Kasey,0.16417500000000002,2023-02-21 21:29:24,5
1274,James,2.0105250000000003,2023-02-21 10:24:31,4
1275,James,0.6591750000000001,2023-02-21 19:18:44,4
1276,Lynda,2.225025,2023-02-21 12:22:35,5
1277,Lynda,3.0558000000000005,2023-02-21 18:46:36,6
1278,George,0.411675,2023-02-21 18:11:48,6
1279,Ashton,2.7522,2023-02-21 13:27:31,5
1280,Sydney,0.55935,2023-02-21 18:27:27,5
1281,Josh,0.568425,2023-02-21 20:14:46,3
1282,Noah,0.6591750000000001,2023-02-21 21:24:30,6
1283,Ted,4.166250000000001,2023-02-21 18:54:51,1
1284,Bart,2.7753,2023-02-21 19:44:26,5
1285,Franklin,0.626175,2023-02-21 18:56:40,3
1286,Liam,1.7457,2023-02-21 17:51:16,4
1287,Kasey,1.1038500000000002,2023-02-21 12:12:57,5
1288,Sydney,4.860900000000001,2023-02-21 20:30:29,2
1289,Nathan,0.495,2023-02-21 21:36:41,4
1290,Marilyn,1.0626000000000002,2023-02-21 10:25:20,5
1291,Madison,1.3761,2023-02-21 12:10:43,1
1292,Ted,1.317525,2023-02-21 11:24:02,1
1293,Kasey,1.3183500000000001,2023-02-21 20:27:06,4
1294,Jacob,1.2606000000000002,2023-02-21 17:33:53,4
1295,Grover,0.683925,2023-02-21 20:05:19,6
1296,Sydney,1.24245,2023-02-21 15:48:52,1
1297,James,0.6921750000000001,2023-02-21 13:17:08,1
1298,James,0.452925,2023-02-21 12:45:10,2
1299,Hazel,1.1946,2023-02-21 13:33:37,5
1300,Mia,1.0197,2023-02-21 13:24:49,5
1301,Madison,1.3183500000000001,2023-02-21 17:19:06,6
1302,Kasey,0.411675,2023-02-21 12:57:43,2
1303,Lillian,0.6913500000000001,2023-02-21 12:30:54,5
1304,Tom,0.411675,2023-02-21 20:21:24,1
1305,Noah,0.83985,2023-02-21 10:10:31,4
1306,Danny,2.008875,2023-02-21 13:01:15,1
1307,Charles,0.34485,2023-02-21 13:57:47,2
1308,Hazel,1.8447,2023-02-21 19:43:23,3
1309,Jacob,1.2606000000000002,2023-02-21 18:44:23,1
1310,Mia,1.317525,2023-02-21 12:34:25,4
1311,Lillian,0.6913500000000001,2023-02-21 19:15:49,3
1312,Amelia,4.554825,2023-02-21 11:06:47,4
1313,Ted,3.6671250000000004,2023-02-21 17:33:55,5
1314,Danny,0.8555250000000001,2023-02-21 14:54:02,3
1315,Danny,0.568425,2023-02-21 18:01:06,2
1316,Danny,0.8654250000000001,2023-02-21 12:58:20,1
1317,Claire,1.1030250000000001,2023-02-21 20:05:30,1
1318,George,3.3453750000000007,2023-02-21 20:25:53,6
1319,Josh,0.906675,2023-02-21 18:51:17,4
1320,Charles,0.16417500000000002,2023-02-21 19:37:36,2
1321,Marilyn,0.37042500000000006,2023-02-21 20:27:56,2
1322,Noah,0.16417500000000002,2023-02-21 20:07:03,2
1323,Liam,5.07375,2023-02-21 19:57:21,6
1324,James,0.683925,2023-02-21 19:52:30,2
1325,Grover,1.0626000000000002,2023-02-21 17:26:53,5
1326,Noah,0.80685,2023-02-21 11:32:46,1
1327,Grover,0.6913500000000001,2023-02-21 12:23:12,5
1328,Bart,4.629075000000001,2023-02-21 20:07:28,2
1329,Hazel,1.8702750000000001,2023-02-21 18:49:44,4
1330,Madison,0.6921750000000001,2023-02-21 12:36:53,3
1331,Charles,3.7026000000000003,2023-02-21 18:13:55,5
1332,Madison,0.5758500000000001,2023-02-21 11:49:33,2
1333,Lillian,0.683925,2023-02-21 19:05:48,2
1334,Ashton,1.57245,2023-02-21 19:53:28,2
1335,Ashton,1.28535,2023-02-21 12:37:20,4
1336,Kasey,1.0626000000000002,2023-02-21 13:36:04,4
1337,Danny,0.5758500000000001,2023-02-21 12:44:08,6
1338,Hazel,3.394050000000001,2023-02-21 19:36:15,5
1339,Lynda,2.528625,2023-02-21 18:01:27,2
1340,Grover,2.4461250000000008,2023-02-21 10:28:57,1
1341,Ted,0.16417500000000002,2023-02-21 16:32:04,6
1342,Lillian,1.730025,2023-02-21 19:11:52,2
1343,Grover,1.5155250000000002,2023-02-21 20:51:40,4
1344,Lynda,1.5155250000000002,2023-02-21 18:44:19,2
1345,Charles,1.0956,2023-02-21 20:41:53,6
1346,Liam,0.683925,2023-02-21 12:58:26,4
1347,James,1.7622,2023-02-21 16:01:39,1
1348,Madison,0.626175,2023-02-21 17:56:26,1
1349,Lynda,5.261850000000001,2023-02-21 12:00:00,6
1350,Charles,2.710125,2023-02-21 18:38:03,5
1351,Kasey,0.3869250000000001,2023-02-21 14:33:14,2
1352,Nathan,1.5576000000000003,2023-02-21 14:16:19,5
1353,Danny,1.4247750000000001,2023-02-21 11:08:54,1
1354,Luca,1.1269500000000001,2023-02-21 19:33:37,6
1355,Bart,3.0706500000000005,2023-02-21 11:21:46,3
1356,Josh,0.9801,2023-02-21 17:04:42,1
1357,Bart,1.3843500000000002,2023-02-21 10:26:38,1
1358,Kasey,0.99,2023-02-21 19:33:04,3
1359,Josh,0.5511,2023-02-21 21:56:37,1
1360,Jacob,0.7325999999999999,2023-02-21 16:20:55,4
1361,Franklin,0.147675,2023-02-21 20:44:20,4
1362,Claire,1.977525,2023-02-21 15:17:15,5
1363,Ted,0.16417500000000002,2023-02-21 19:18:34,1
1364,George,0.37042500000000006,2023-02-21 18:00:12,4
1365,Liam,1.3843500000000002,2023-02-21 19:04:34,2
1366,Mia,0.8481,2023-02-21 13:43:30,4
1367,Lillian,1.3505250000000002,2023-02-21 19:16:48,1
1368,Charles,2.5707,2023-02-21 20:23:09,1
1369,Jacob,0.16417500000000002,2023-02-21 17:55:36,3
1370,Charles,2.2324500000000005,2023-02-21 18:44:05,5
1371,Nathan,0.37042500000000006,2023-02-21 19:17:17,4
1372,Apollo,0.568425,2023-02-21 19:00:01,5
1373,Apollo,0.626175,2023-02-21 19:15:00,3
1374,Liam,3.343725,2023-02-21 18:41:17,5
1375,Amelia,1.7712750000000004,2023-02-21 17:48:09,3
1376,Kasey,0.59235,2023-02-21 11:27:22,6
1377,Tom,0.683925,2023-02-21 12:28:12,1
1378,Sydney,1.730025,2023-02-21 11:09:01,2
1379,Apollo,0.8481,2023-02-21 18:53:50,2
1380,Bart,0.906675,2023-02-21 12:54:21,6
1381,Apollo,1.1038500000000002,2023-02-21 13:54:32,5
1382,Ashton,3.023625,2023-02-21 10:57:00,2
1383,Noah,1.0626000000000002,2023-02-21 12:48:03,2
1384,Noah,2.9221500000000007,2023-02-21 16:26:46,6
1385,Christian,2.0105250000000003,2023-02-21 13:06:30,4
1386,Mia,2.0757000000000003,2023-02-21 18:06:29,3
1387,Lynda,0.6921750000000001,2023-02-21 14:22:27,5
1388,Tom,0.495,2023-02-21 21:37:07,4
1389,Nathan,4.27515,2023-02-21 19:12:39,3
1390,Tom,5.345175000000001,2023-02-21 14:06:15,2
1391,Hazel,0.5758500000000001,2023-02-21 13:22:23,2
1392,Luca,0.87285,2023-02-21 19:50:10,4
1393,Bart,0.16417500000000002,2023-02-21 19:40:24,6
1394,Jacob,1.235025,2023-02-21 18:58:50,4
1395,Grover,5.139750000000001,2023-02-21 18:28:29,6
1396,Liam,0.82335,2023-02-21 20:54:05,4
1397,Ted,1.4247750000000001,2023-02-21 12:40:06,4
1398,Amelia,0.32835000000000003,2023-02-21 18:34:22,5
1399,Nathan,0.6913500000000001,2023-02-21 20:55:02,1
1400,Nathan,1.6137000000000004,2023-02-21 12:50:55,6
1401,Danny,0.6921750000000001,2023-02-21 11:39:45,4
1402,Noah,1.0626000000000002,2023-02-21 17:58:42,3
1403,Kasey,1.3183500000000001,2023-02-21 19:06:06,2
1404,Noah,0.59235,2023-02-21 11:00:54,4
1405,Christian,2.3883750000000004,2023-02-21 18:42:17,1
1406,Kasey,1.063425,2023-02-21 20:36:27,2
1407,Charles,1.5642,2023-02-21 11:27:08,1
1408,Josh,2.520375,2023-02-21 16:18:47,2
1409,Liam,0.5758500000000001,2023-02-21 12:48:56,2
1410,Lillian,1.703625,2023-02-21 18:00:08,1
1411,Franklin,2.116125,2023-02-21 11:02:41,4
1412,Liam,0.568425,2023-02-21 18:21:05,1
1413,Marilyn,0.82335,2023-02-21 13:56:10,4
1414,Franklin,1.0626000000000002,2023-02-21 20:00:33,1
1415,Lynda,3.276900000000001,2023-02-21 18:02:33,3
1416,Danny,5.1579,2023-02-21 10:44:54,2
1417,Grover,0.683925,2023-02-21 17:23:54,1
1418,Franklin,3.5582249999999997,2023-02-21 20:41:45,3
1419,Christian,3.408900000000001,2023-02-21 18:36:34,3
1420,Hazel,1.0956,2023-02-21 17:36:35,3
1421,George,4.629075000000001,2023-02-21 12:27:56,6
1422,Apollo,1.187175,2023-02-21 20:55:28,2
1423,Marilyn,0.3869250000000001,2023-02-21 12:09:51,4
1424,Amelia,4.372500000000001,2023-02-21 19:56:13,6
1425,Ashton,0.9801,2023-02-21 12:51:01,1
1426,Franklin,2.4213750000000003,2023-02-21 10:28:43,2
1427,Franklin,1.3183500000000001,2023-02-21 16:48:34,3
1428,Luca,0.683925,2023-02-21 15:07:00,4
1429,George,0.82335,2023-02-21 18:28:15,2
1430,Jacob,0.82335,2023-02-21 16:23:52,6
1431,Danny,0.16417500000000002,2023-02-21 20:16:24,2
1432,Bart,0.180675,2023-02-21 19:43:08,4
1433,Kasey,0.411675,2023-02-21 11:12:39,1
1434,Nathan,1.7712750000000004,2023-02-21 20:29:12,6
1435,Jacob,1.3761,2023-02-21 11:03:47,5
1436,Nathan,2.6515500000000003,2023-02-21 10:08:14,6
1437,Apollo,1.2267750000000002,2023-02-21 11:51:48,3
1438,Christian,1.0378500000000002,2023-02-21 14:51:58,4
1439,Luca,2.6268,2023-02-21 17:21:58,5
1440,Bart,0.411675,2023-02-21 19:49:41,1
1441,Claire,1.6788750000000001,2023-02-21 17:31:11,1
1442,Nathan,0.568425,2023-02-21 12:24:56,5
1443,Noah,0.6921750000000001,2023-02-21 11:55:20,3
1444,Liam,1.5155250000000002,2023-02-21 20:23:01,2
1445,Grover,0.626175,2023-02-21 20:35:07,2
1446,Lynda,0.6921750000000001,2023-02-21 14:03:52,3
1447,Apollo,0.8563500000000001,2023-02-21 17:48:21,6
1448,Amelia,3.3024750000000003,2023-02-21 11:19:40,6
1449,Grover,5.142225000000001,2023-02-21 11:08:57,6
1450,Nathan,1.88595,2023-02-21 15:44:38,2
1451,Christian,3.9633000000000007,2023-02-21 16:30:07,1
1452,Danny,4.975575,2023-02-21 18:51:22,6
1453,Hazel,3.344550000000001,2023-02-21 20:49:29,6
1454,Liam,2.361975,2023-02-21 18:46:58,1
1455,Lynda,0.495,2023-02-21 19:49:52,4
1456,James,0.180675,2023-02-21 19:29:55,3
1457,Josh,2.6680500000000005,2023-02-21 19:33:35,6
1458,Ted,0.411675,2023-02-21 19:22:58,6
1459,Josh,1.1030250000000001,2023-02-21 11:28:23,5
1460,Josh,4.58865,2023-02-21 11:45:32,3
1461,Kasey,0.568425,2023-02-21 18:58:54,3
1462,Charles,3.267000000000001,2023-02-21 20:37:54,1
1463,Noah,0.7821,2023-02-21 12:32:25,5
1464,Christian,0.9801,2023-02-21 15:26:34,1
1465,Claire,0.568425,2023-02-21 21:48:31,2
1466,John,4.1274750000000004,2023-02-21 10:48:53,3
1467,Ashton,2.3240250000000002,2023-02-21 17:10:02,6
1468,Ted,1.672275,2023-02-21 18:01:28,1
1469,Madison,1.1038500000000002,2023-02-21 18:34:24,2
1470,Franklin,0.5758500000000001,2023-02-21 19:48:38,5
1471,Mia,4.257825,2023-02-21 11:34:05,2
1472,Franklin,2.6358750000000004,2023-02-21 16:41:44,1
1473,Noah,0.495,2023-02-21 20:51:46,6
1474,Charles,3.6316500000000005,2023-02-21 18:46:12,5
1475,Luca,0.411675,2023-02-21 14:48:43,6
1476,Franklin,1.1451000000000002,2023-02-21 19:40:26,5
1477,Josh,1.3183500000000001,2023-02-21 12:20:01,4
1478,Apollo,1.3835250000000003,2023-02-21 19:57:42,2
1479,Lynda,0.180675,2023-02-21 12:17:29,5
1480,Nathan,1.4338500000000003,2023-02-21 18:14:32,1
1481,Christian,1.0626000000000002,2023-02-21 19:20:15,6
1482,Amelia,1.8694499999999998,2023-02-21 18:25:27,4
1483,John,0.411675,2023-02-21 14:43:21,6
1484,Hazel,1.3183500000000001,2023-02-21 18:05:06,1
1485,Jacob,0.59235,2023-02-21 11:19:19,2
1486,Mia,0.8563500000000001,2023-02-21 20:53:36,5
1487,Mia,1.25235,2023-02-21 18:47:32,5
1488,Ted,0.626175,2023-02-21 16:41:34,3
1489,Lynda,1.187175,2023-02-21 18:10:50,6
1490,Luca,3.335475,2023-02-21 10:37:09,1
1491,Kasey,0.492525,2023-02-21 17:35:54,1
1492,Lillian,2.413125,2023-02-21 11:17:31,1
1493,John,1.07085,2023-02-21 11:34:42,5
1494,Danny,1.5328499999999998,2023-02-21 11:35:01,4
1495,James,0.7491,2023-02-21 17:38:41,1
1496,Claire,0.37042500000000006,2023-02-21 12:01:01,2
1497,Amelia,1.1847,2023-02-21 18:38:57,6
1498,Mia,0.8563500000000001,2023-02-21 17:20:55,4
1499,Madison,1.9280249999999999,2023-02-21 20:54:13,1
1500,John,0.683925,2023-02-21 19:07:15,5
1501,Franklin,2.5698750000000006,2023-02-21 11:07:53,4
1502,Noah,1.3835250000000003,2023-02-21 19:33:19,2
1503,Marilyn,3.6819750000000004,2023-02-21 17:54:00,5
1504,Franklin,3.252975,2023-02-21 16:04:42,2
1505,Grover,2.173875,2023-02-21 17:11:07,6
1506,Christian,3.895650000000001,2023-02-21 11:08:26,2
1507,Liam,0.411675,2023-02-21 17:38:01,5
1508,Luca,2.4783,2023-02-21 19:48:14,2
1509,Charles,0.6591750000000001,2023-02-21 19:53:11,6
1510,Tom,0.36135,2023-02-21 16:40:48,2
1511,Claire,0.9966,2023-02-21 17:55:17,5
1512,Nathan,1.18635,2023-02-21 19:22:15,6
1513,Franklin,0.90585,2023-02-21 19:06:27,2
1514,Lynda,2.0517749999999997,2023-02-21 17:18:07,2
1515,Lynda,0.16417500000000002,2023-02-21 18:24:25,2
1516,Noah,2.076525,2023-02-21 19:31:11,6
1517,Grover,0.9801,2023-02-21 18:12:57,1
1518,James,1.3579500000000002,2023-02-21 11:29:03,6
1519,James,2.7018750000000002,2023-02-21 12:24:53,6
1520,Ted,1.25235,2023-02-21 19:24:07,1
1521,Claire,0.95535,2023-02-21 20:08:10,3
1522,Marilyn,4.586175000000001,2023-02-21 18:08:02,5
1523,Christian,3.2851500000000007,2023-02-21 19:18:01,5
1524,Grover,0.7416750000000001,2023-02-21 12:52:11,5
1525,Lillian,0.80685,2023-02-21 21:36:10,5
1526,Jacob,1.1038500000000002,2023-02-21 18:56:15,6
1527,Noah,3.4344750000000004,2023-02-21 11:56:58,1
1528,Kasey,0.9801,2023-02-21 19:36:24,5
1529,Madison,0.6921750000000001,2023-02-21 11:16:18,5
1530,Lillian,0.9801,2023-02-21 11:46:28,3
1531,Mia,4.818000000000001,2023-02-21 12:00:14,5
1532,Sydney,4.389,2023-02-21 11:29:39,4
1533,Danny,1.2606000000000002,2023-02-21 17:05:00,6
1534,Josh,0.16417500000000002,2023-02-21 13:16:37,1
1535,Ashton,1.548525,2023-02-21 11:20:20,2
1536,Kasey,1.1038500000000002,2023-02-21 18:50:31,1
1537,Thomas,0.16417500000000002,2023-02-21 20:00:27,4
1538,Grover,0.82335,2023-02-21 17:35:24,6
1539,Lynda,0.495,2023-02-21 20:07:42,4
1540,Liam,0.9801,2023-02-21 14:13:00,3
1541,Noah,0.37042500000000006,2023-02-21 19:15:49,3
1542,Mia,1.4256000000000002,2023-02-21 18:40:21,1
1543,Danny,0.82335,2023-02-21 17:55:04,1
1544,Mia,0.568425,2023-02-21 20:43:39,4
1545,Mia,1.3843500000000002,2023-02-21 17:05:45,4
1546,Ted,0.568425,2023-02-21 19:48:56,4
1547,Marilyn,5.6925,2023-02-21 17:29:28,4
1548,Lynda,0.180675,2023-02-21 20:14:51,5
1549,Sydney,0.5758500000000001,2023-02-21 14:58:17,2
1550,Lillian,0.9801,2023-02-21 20:57:47,3
1551,Josh,3.9204000000000003,2023-02-21 18:42:47,1
1552,Lynda,3.4089,2023-02-21 20:11:06,5
1553,Hazel,0.55935,2023-02-21 17:44:19,1
1554,Ted,4.059825,2023-02-21 21:21:37,6
1555,Apollo,3.656400000000001,2023-02-21 11:22:02,2
1556,Danny,3.26865,2023-02-21 14:56:04,4
1557,Jacob,5.1636750000000005,2023-02-21 19:56:30,3
1558,Lynda,1.05435,2023-02-21 18:45:13,6
1559,George,3.271125,2023-02-21 20:52:56,2
1560,Danny,0.6921750000000001,2023-02-21 15:19:16,6
1561,Amelia,1.259775,2023-02-21 17:03:47,6
1562,Mia,0.495,2023-02-21 11:19:08,4
1563,Claire,0.8563500000000001,2023-02-21 17:33:52,4
1564,Tom,1.43385,2023-02-21 11:52:41,2
1565,Hazel,2.4213750000000003,2023-02-21 20:03:21,2
1566,Thomas,1.1038500000000002,2023-02-21 11:15:28,2
1567,Hazel,0.411675,2023-02-21 15:34:38,3
1568,Franklin,0.411675,2023-02-21 20:05:25,1
1569,Josh,1.74735,2023-02-21 19:30:36,2
1570,Sydney,0.93885,2023-02-21 19:43:28,2
1571,Madison,0.5758500000000001,2023-02-21 18:34:15,2
1572,Liam,0.411675,2023-02-21 19:49:36,1
1573,Hazel,1.3183500000000001,2023-02-21 19:37:18,3
1574,Madison,2.7423,2023-02-21 19:28:05,3
1575,Christian,1.259775,2023-02-21 20:24:20,6
1576,Tom,1.0617750000000001,2023-02-21 11:23:55,2
1577,James,0.411675,2023-02-21 20:43:17,5
1578,Franklin,3.1630500000000006,2023-02-21 18:18:35,4
1579,Lillian,0.6921750000000001,2023-02-21 10:01:25,3
1580,Sydney,1.3843500000000002,2023-02-21 20:37:40,1
1581,Lynda,0.954525,2023-02-21 11:15:08,2
1582,Grover,0.683925,2023-02-21 11:45:01,2
1583,Ashton,1.5155250000000002,2023-02-21 19:14:15,2
1584,Liam,1.3843500000000002,2023-02-21 13:57:04,1
1585,Amelia,0.7986,2023-02-21 13:06:09,2
1586,Sydney,1.1030250000000001,2023-02-21 18:45:21,1
1587,Amelia,1.3761,2023-02-21 17:14:52,3
1588,Mia,0.568425,2023-02-21 15:10:43,5
1589,James,0.83985,2023-02-21 19:26:07,4
1590,Christian,2.2407000000000004,2023-02-21 10:49:24,2
1591,Ted,1.8364500000000006,2023-02-21 10:30:40,1
1592,Apollo,0.6921750000000001,2023-02-21 11:46:10,5
1593,Bart,0.7416750000000001,2023-02-21 12:43:48,3
1594,Ashton,0.8646,2023-02-21 12:36:30,5
1595,Liam,0.6913500000000001,2023-02-21 12:55:12,4
1596,Charles,2.1664500000000007,2023-02-21 12:44:13,5
1597,Tom,0.411675,2023-02-21 12:07:13,4
1598,Grover,1.1946,2023-02-21 17:43:05,5
1599,Claire,1.25235,2023-02-21 17:39:25,3
1600,Josh,4.440975000000001,2023-02-21 19:14:29,2
1601,Marilyn,2.4222,2023-02-21 13:52:15,5
1602,Ted,1.5567750000000002,2023-02-21 12:19:30,6
1603,Josh,1.235025,2023-02-21 20:36:53,2
1604,Mia,1.2102750000000002,2023-02-21 12:15:02,5
1605,Christian,0.93885,2023-02-21 17:38:20,6
1606,Tom,2.060025,2023-02-21 16:18:35,4
1607,Lynda,1.063425,2023-02-21 19:11:27,1
1608,Amelia,0.6921750000000001,2023-02-21 11:17:38,2
1609,Liam,1.25235,2023-02-21 17:12:03,4
1610,Claire,1.3183500000000001,2023-02-21 20:21:10,1
1611,Charles,1.1451000000000002,2023-02-21 21:18:40,2
1612,Madison,1.178925,2023-02-21 12:48:19,4
1613,Jacob,0.626175,2023-02-21 19:20:27,2
1614,Luca,1.0956,2023-02-21 19:53:24,3
1615,Bart,4.7454,2023-02-21 12:29:53,6
1616,Ted,1.1038500000000002,2023-02-21 12:23:28,3
1617,Bart,0.568425,2023-02-21 11:31:41,4
1618,Sydney,4.766850000000001,2023-02-21 12:21:28,3
1619,Sydney,1.3257750000000001,2023-02-21 17:36:20,3
1620,Amelia,3.640725000000001,2023-02-21 18:17:34,4
1621,Lillian,1.0956,2023-02-21 19:54:32,5
1622,Noah,2.083125,2023-02-21 13:45:58,4
1623,Christian,2.9403,2023-02-21 18:15:45,3
1624,Apollo,1.144275,2023-02-21 18:58:16,1
1625,Liam,2.790975,2023-02-21 12:08:49,4
